ItemNumber,LotNumber
UL669134MZ,QPCPYKL
IZ767GIG18,KK55NVQ
XX842ECD1B,4D55RE5
MZ441ELE73,3D0ZGAP
VG5951YMIZ,J7DYQL0
UL669134MZ,0F9BB41
IZ767GIG18,L8PVL8M
XX842ECD1B,R4RWMR1
MZ441ELE73,UGLIL78
VG5951YMIZ,1QIJP7A
UL669134MZ,WTK0Q58
IZ767GIG18,NHOGRNR
XX842ECD1B,R7P9DOQ
MZ441ELE73,57AWNYN
ItemNumber,Z2MGFQT
UL669134MZ,H7O2NIU
IZ767GIG18,HY6SY2I
XX842ECD1B,17M6M4W
MZ441ELE73,ULJQY9R
VG5951YMIZ,8CRLWO3
UL669134MZ,KB8XT2N
IZ767GIG18,RUSGL8V
XX842ECD1B,UFP6AGO
MZ441ELE73,VNABJC0
VG5951YMIZ,4ROE0MY
UL669134MZ,XTRQIKT
IZ767GIG18,IFUCNWN
XX842ECD1B,J1OKT8P
MZ441ELE73,00Q8DQF
ItemNumber,2JGRNZU
UL669134MZ,8D51RID
IZ767GIG18,TYRIUN5
XX842ECD1B,NEJOE9K
MZ441ELE73,571KNL9
VG5951YMIZ,WO6UNOE
UL669134MZ,WCOJTKH
IZ767GIG18,J0IFANM
XX842ECD1B,C9O5LIV
MZ441ELE73,NANU7KA
VG5951YMIZ,NTTPGVE
UL669134MZ,RN68KBE
IZ767GIG18,CM91R8D
XX842ECD1B,2TZIYHS
MZ441ELE73,6NFFOMF
ItemNumber,TKTM50Y
UL669134MZ,RVD3YIX
IZ767GIG18,FBI5B5G
XX842ECD1B,44RJJ2B
MZ441ELE73,DM9OYCM
VG5951YMIZ,QMUGEWG
UL669134MZ,RJQHJT4
IZ767GIG18,QHCXNKV
XX842ECD1B,WK5BUAR
MZ441ELE73,J6F8YIR
VG5951YMIZ,QIPE84I
UL669134MZ,HZ5NE8A
IZ767GIG18,DGWMXJ9
XX842ECD1B,F930OAW
MZ441ELE73,XY1WQ6N
ItemNumber,2T2SQ7A
UL669134MZ,819SRC1
IZ767GIG18,MHU5RYB
XX842ECD1B,BUQ5A9A
MZ441ELE73,7TY7U5A
VG5951YMIZ,147EFSQ
UL669134MZ,DS7KVSN
IZ767GIG18,CDKFOM5
XX842ECD1B,UD4XYY4
MZ441ELE73,RXYJT63
VG5951YMIZ,DLZ1AA4
UL669134MZ,HC5QSB1
IZ767GIG18,OGD0WH6
XX842ECD1B,HBAL1KF
MZ441ELE73,0QTJY8X
ItemNumber,0JJHOQ7
UL669134MZ,32E0KHW
IZ767GIG18,SA2HQYO
XX842ECD1B,0EL15PB
MZ441ELE73,74IL1HQ
VG5951YMIZ,W8GNNV1
UL669134MZ,H0A1PTH
IZ767GIG18,V75N129
XX842ECD1B,OEAKN59
MZ441ELE73,ELNTHE2
VG5951YMIZ,B85BZNL
UL669134MZ,CH4C93X
IZ767GIG18,RK9BCNS
XX842ECD1B,AR6XS1Z
MZ441ELE73,L0LKTZJ
ItemNumber,PRWI0MZ
UL669134MZ,I4YNLL6
IZ767GIG18,KPB6R8B
XX842ECD1B,CLCFGKP
MZ441ELE73,YK7TBPH
VG5951YMIZ,CFLT5TY
UL669134MZ,L29QOFJ
IZ767GIG18,N9DXMNR
XX842ECD1B,NE6G9T0
MZ441ELE73,D8EWSZA
VG5951YMIZ,UEB3SSD
UL669134MZ,Q0CEDY6
IZ767GIG18,Z7GWQW1
XX842ECD1B,Y1CLWE0
MZ441ELE73,Z55PJUQ
ItemNumber,SRGJE56
UL669134MZ,GFPCHJF
IZ767GIG18,7HB4RBQ
XX842ECD1B,6DG2V6H
MZ441ELE73,L8GDH98
VG5951YMIZ,XIDRCX9
UL669134MZ,G2QR6CC
IZ767GIG18,ZRI0EC1
XX842ECD1B,BO2JRD0
MZ441ELE73,QM7V152
VG5951YMIZ,KM8HE1Q
UL669134MZ,ZCJ8UNI
IZ767GIG18,1MWVVP6
XX842ECD1B,8E4MPSP
MZ441ELE73,ZE4DBMU
ItemNumber,W3TJETR
UL669134MZ,FWN8ME5
IZ767GIG18,OJYVM7T
XX842ECD1B,V6R4MUO
MZ441ELE73,PBOFRZN
VG5951YMIZ,A4OFLJK
UL669134MZ,4AXFS53
IZ767GIG18,2ENW7I8
XX842ECD1B,6EFYO8X
MZ441ELE73,9UA4EPL
VG5951YMIZ,TUZR8CF
UL669134MZ,XWWDBFY
IZ767GIG18,G1W0U02
XX842ECD1B,XRE8ABF
MZ441ELE73,GIUTHTF
ItemNumber,96XTRXB
UL669134MZ,F4RMS52
IZ767GIG18,8HQEG5V
XX842ECD1B,BM862FK
MZ441ELE73,PIP9QBB
VG5951YMIZ,IPOUI8O
UL669134MZ,U8CXZLG
IZ767GIG18,P37D8O9
XX842ECD1B,S9NK169
MZ441ELE73,TA8M2PQ
VG5951YMIZ,SEFGSAX
UL669134MZ,DHJ5C4C
IZ767GIG18,38CAAE6
XX842ECD1B,KCZJNVY
MZ441ELE73,W68CMC6
ItemNumber,GENDW7D
UL669134MZ,X4YS2XG
IZ767GIG18,Y63ILXL
XX842ECD1B,NH9RFLC
MZ441ELE73,WCCTPTL
VG5951YMIZ,27W7WDI
UL669134MZ,L1S9WSK
IZ767GIG18,TTKQW9S
XX842ECD1B,IO8M2OS
MZ441ELE73,691MWQY
VG5951YMIZ,DBNLDVJ
UL669134MZ,7AUJLOE
IZ767GIG18,LNUAWS0
XX842ECD1B,K0VKVCM
MZ441ELE73,EE5HWOD
ItemNumber,XK6B3PG
UL669134MZ,WEPPU3L
IZ767GIG18,9FKZK2E
XX842ECD1B,OCBNBJ1
MZ441ELE73,SL57SVO
VG5951YMIZ,PL5Q0YW
UL669134MZ,0VQWLN9
IZ767GIG18,U307NGZ
XX842ECD1B,ETNWNW7
MZ441ELE73,95NSGU9
VG5951YMIZ,GJGBCEC
UL669134MZ,NR48XYR
IZ767GIG18,Z1VNMTK
XX842ECD1B,BPVEU55
MZ441ELE73,F6P94DX
ItemNumber,XCMPUYS
UL669134MZ,492RFDB
IZ767GIG18,3ASGN0H
XX842ECD1B,H3DQ7T9
MZ441ELE73,0ZES9BJ
VG5951YMIZ,90FZ0JR
UL669134MZ,BLQ8V8O
IZ767GIG18,XFXYYR6
XX842ECD1B,SKNG9QP
MZ441ELE73,VB5VQBZ
VG5951YMIZ,6IR7GGV
UL669134MZ,32MOUU1
IZ767GIG18,YWCM6I3
XX842ECD1B,CRUDX5H
MZ441ELE73,JBPCGNN
ItemNumber,RL5YF70
UL669134MZ,9G9XC7V
IZ767GIG18,288N9DX
XX842ECD1B,2W180FC
MZ441ELE73,0UVP949
VG5951YMIZ,24XDHTQ
UL669134MZ,QHB4903
IZ767GIG18,BADL7RB
XX842ECD1B,BA7RGVF
MZ441ELE73,S2JLMLP
VG5951YMIZ,FGDGJX4
UL669134MZ,ER0X2PI
IZ767GIG18,5BDYALM
XX842ECD1B,6SDAKHU
MZ441ELE73,G246H6E
ItemNumber,2X99KDN
UL669134MZ,W1SFQVD
IZ767GIG18,33DR4PI
XX842ECD1B,T9BMRZS
MZ441ELE73,YTCHS7G
VG5951YMIZ,SZU9U5C
UL669134MZ,CAZSOY4
IZ767GIG18,GOHB8NG
XX842ECD1B,V6OA30N
MZ441ELE73,48ND9VR
VG5951YMIZ,DRL1BU4
UL669134MZ,SYV7HVG
IZ767GIG18,ULZ7RGE
XX842ECD1B,UHAVZ08
MZ441ELE73,DJWN8YU
ItemNumber,NDAWHZR
UL669134MZ,SODYLI9
IZ767GIG18,T7ZMEM7
XX842ECD1B,HSRP2ZE
MZ441ELE73,TRQENEF
VG5951YMIZ,8OQDEUG
UL669134MZ,HQLMQTR
IZ767GIG18,4FRE6ZB
XX842ECD1B,CG5RG04
MZ441ELE73,T2PXLLE
VG5951YMIZ,PGRN66Z
UL669134MZ,YEQ7BP9
IZ767GIG18,7MWQKQL
XX842ECD1B,D15ANEO
MZ441ELE73,EOODVKO
ItemNumber,D8DLDXR
UL669134MZ,HLGTMOF
IZ767GIG18,GYHGIYE
XX842ECD1B,ELVJQ9P
MZ441ELE73,TS957J0
VG5951YMIZ,JIUWQMR
UL669134MZ,SOOSTY3
IZ767GIG18,Z8ABS9C
XX842ECD1B,E6X10SH
MZ441ELE73,DXYACM4
VG5951YMIZ,4UQ52GO
UL669134MZ,P6UT0D1
IZ767GIG18,HH18XM2
XX842ECD1B,IOTTTJ5
MZ441ELE73,ZIVFG3K
ItemNumber,RXF86XP
UL669134MZ,G9EDV6K
IZ767GIG18,S9HVGXP
XX842ECD1B,8639YC3
MZ441ELE73,3CDP7UT
VG5951YMIZ,06OUFGB
UL669134MZ,BHRICY1
IZ767GIG18,LJCF433
XX842ECD1B,VGG1NMK
MZ441ELE73,5JWB2KW
VG5951YMIZ,CUFTTU6
UL669134MZ,4PWVA1H
IZ767GIG18,AMCQOXS
XX842ECD1B,GSLXCE1
MZ441ELE73,HU7B1C1
ItemNumber,XI1QTKE
UL669134MZ,LX3NBM2
IZ767GIG18,GJVHRRT
XX842ECD1B,IQQPCY9
MZ441ELE73,M6FCY6S
VG5951YMIZ,DT2538O
UL669134MZ,OAF643V
IZ767GIG18,82TUKEJ
XX842ECD1B,MVZQGPX
MZ441ELE73,K4XGO8R
VG5951YMIZ,G7L63RX
UL669134MZ,DB0CM6Q
IZ767GIG18,M45Q5UJ
XX842ECD1B,5Y6BEWO
MZ441ELE73,0F1CRDC
ItemNumber,0IB13PB
UL669134MZ,Z1OXWZ0
IZ767GIG18,N1W6GEY
XX842ECD1B,FCVD5I7
MZ441ELE73,PNNBP3L
VG5951YMIZ,DNPSSQW
UL669134MZ,0DCVJ10
IZ767GIG18,RQMXL01
XX842ECD1B,0IW857T
MZ441ELE73,S8AGPHQ
VG5951YMIZ,3SQ2S40
UL669134MZ,BCMJKQ0
IZ767GIG18,2603VQK
XX842ECD1B,ZEL4AIP
MZ441ELE73,V0SMC40
ItemNumber,AG8M7IU
UL669134MZ,6R1Z6F1
IZ767GIG18,M91XP35
XX842ECD1B,ZHNTSBX
MZ441ELE73,FUW6KGW
VG5951YMIZ,VMQ666V
UL669134MZ,TL2RK5C
IZ767GIG18,I3U5NGM
XX842ECD1B,RW7B2I3
MZ441ELE73,4GHMEXU
VG5951YMIZ,NYFGQMH
UL669134MZ,VAIXAZF
IZ767GIG18,HPUU65R
XX842ECD1B,LA81NE2
MZ441ELE73,X7GSVVL
ItemNumber,EJMGDD8
UL669134MZ,XOU33J3
IZ767GIG18,28OB3LE
XX842ECD1B,JW3F2X8
MZ441ELE73,B7SQNED
VG5951YMIZ,90L5R7K
UL669134MZ,6ARGDTH
IZ767GIG18,LZSTS1I
XX842ECD1B,CS7D0YX
MZ441ELE73,Z4EASQE
VG5951YMIZ,I7RCY0X
UL669134MZ,YA7TLMX
IZ767GIG18,GRYHG8Q
XX842ECD1B,GZSX1AO
MZ441ELE73,WSN208U
ItemNumber,OHGEDQS
UL669134MZ,4BDOHUC
IZ767GIG18,3QWLTWZ
XX842ECD1B,YN9FOC1
MZ441ELE73,QR4WZD9
VG5951YMIZ,PI17JUW
UL669134MZ,IT2LKVQ
IZ767GIG18,MQZZRR4
XX842ECD1B,B2HG8XM
MZ441ELE73,U30PS5G
VG5951YMIZ,IY9VR2E
UL669134MZ,1SR4KMA
IZ767GIG18,19ZTYTT
XX842ECD1B,QB7PUEY
MZ441ELE73,ROSEGG8
ItemNumber,S8OWSOE
UL669134MZ,JRVSO8R
IZ767GIG18,GN0CZE8
XX842ECD1B,TRH2F9U
MZ441ELE73,QAVIAEZ
VG5951YMIZ,ZZ9L1PI
UL669134MZ,DMTX6BZ
IZ767GIG18,2EGYICG
XX842ECD1B,FHD38QR
MZ441ELE73,RQ3SSD8
VG5951YMIZ,EZWIPGS
UL669134MZ,SI17ALA
IZ767GIG18,H9ZP82E
XX842ECD1B,83HR5QU
MZ441ELE73,HAP9NK6
ItemNumber,FT79ZVS
UL669134MZ,36K7PGA
IZ767GIG18,JKEVRB3
XX842ECD1B,LUBXI4Y
MZ441ELE73,NWC8JTO
VG5951YMIZ,SOVSMI1
UL669134MZ,61TYF6J
IZ767GIG18,QB8YOWJ
XX842ECD1B,4UDHEE0
MZ441ELE73,NEER1C3
VG5951YMIZ,M98VB8S
UL669134MZ,4KLL5HA
IZ767GIG18,0GV1L88
XX842ECD1B,5CAHO8H
MZ441ELE73,GGZSYNN
ItemNumber,YIGBHTZ
UL669134MZ,5K5DFOO
IZ767GIG18,086AQOV
XX842ECD1B,23OJAUW
MZ441ELE73,CB15FKY
VG5951YMIZ,JQUANB7
UL669134MZ,E6OF1V7
IZ767GIG18,DE5ZBX7
XX842ECD1B,HF4LRZM
MZ441ELE73,ZJVCQV4
VG5951YMIZ,LAC0T26
UL669134MZ,TXS2Z9F
IZ767GIG18,PMPY1RU
XX842ECD1B,2GADGDV
MZ441ELE73,44MWZIU
ItemNumber,4M9VWYV
UL669134MZ,ZJT6POP
IZ767GIG18,7WZBJJN
XX842ECD1B,N64I7CY
MZ441ELE73,6RQ3W8B
VG5951YMIZ,9SA5GRO
UL669134MZ,CQSLZJN
IZ767GIG18,ZKNHYUQ
XX842ECD1B,5RCFEAN
MZ441ELE73,J5H2S0H
VG5951YMIZ,OQ2O30Q
UL669134MZ,RJI61OR
IZ767GIG18,EMP4W84
XX842ECD1B,9C6EBD0
MZ441ELE73,D7F0RJR
ItemNumber,JMUYFQJ
UL669134MZ,TL5A7W8
IZ767GIG18,6J7YG55
XX842ECD1B,QYQOGYF
MZ441ELE73,SVJDMK7
VG5951YMIZ,N4QSH2R
UL669134MZ,Q9Y0AYF
IZ767GIG18,QKOPEWQ
XX842ECD1B,VLVH9OT
MZ441ELE73,1LQVGW4
VG5951YMIZ,P7OOHL3
UL669134MZ,9AY3FNP
IZ767GIG18,HU378CS
XX842ECD1B,6GUU85R
MZ441ELE73,YUDE4HT
ItemNumber,UCRFJJT
UL669134MZ,AV4EIHF
IZ767GIG18,CRBVZRK
XX842ECD1B,6T44EYH
MZ441ELE73,N63QKZ7
VG5951YMIZ,E4ULMGH
UL669134MZ,WBRM2GL
IZ767GIG18,KUYT1TA
XX842ECD1B,SYCFNT1
MZ441ELE73,649I366
VG5951YMIZ,8WNCHXV
UL669134MZ,HT14D2Z
IZ767GIG18,UOUB8R9
XX842ECD1B,6FAJYZH
MZ441ELE73,43RIHLN
ItemNumber,UPBD72J
UL669134MZ,13OSX2S
IZ767GIG18,UUFI363
XX842ECD1B,0RCV4CG
MZ441ELE73,IPN8VB3
VG5951YMIZ,IYD5EFN
UL669134MZ,Z13AEK2
IZ767GIG18,1GWJB0J
XX842ECD1B,XDJELYF
MZ441ELE73,M3P97IB
VG5951YMIZ,DT6MQKP
UL669134MZ,826HKE8
IZ767GIG18,QVXSYTY
XX842ECD1B,64IZ3PZ
MZ441ELE73,BQT5FM6
ItemNumber,AFDP2U8
UL669134MZ,R9UC5OB
IZ767GIG18,TZMCA6F
XX842ECD1B,X8YD45S
MZ441ELE73,GIIGLL4
VG5951YMIZ,CAHNDFI
UL669134MZ,IU5EPFN
IZ767GIG18,LRYYB6S
XX842ECD1B,MGHXZDL
MZ441ELE73,RRANUPH
VG5951YMIZ,Z6ZUOH8
UL669134MZ,8IYN8H6
IZ767GIG18,4X7DMIK
XX842ECD1B,OP0LPGE
MZ441ELE73,DJ4NIQ4
ItemNumber,83WM68X
UL669134MZ,3OK7UP0
IZ767GIG18,SVPCUNO
XX842ECD1B,BF8K8VD
MZ441ELE73,TKFGIHP
VG5951YMIZ,ZPY1W0I
UL669134MZ,L0PSSG0
IZ767GIG18,B8UK6WY
XX842ECD1B,M1YSXZR
MZ441ELE73,B7XTPAW
VG5951YMIZ,W8EE68A
UL669134MZ,7LJX567
IZ767GIG18,SXIARWX
XX842ECD1B,I8J1CUS
MZ441ELE73,E15XCAJ
ItemNumber,EELBEJY
UL669134MZ,39MB50Z
IZ767GIG18,CP8C831
XX842ECD1B,HNFURBO
MZ441ELE73,CL68H6V
VG5951YMIZ,CLRSBNI
UL669134MZ,BOA8A09
IZ767GIG18,SQW4DRM
XX842ECD1B,XRM5BAW
MZ441ELE73,50O7AT8
VG5951YMIZ,YHI5SWJ
UL669134MZ,RCU1UXV
IZ767GIG18,O70O817
XX842ECD1B,MPSEAME
MZ441ELE73,RK4S6HU
ItemNumber,AIFFABF
UL669134MZ,LPQ82HX
IZ767GIG18,U7BI5I1
XX842ECD1B,SYALPFN
MZ441ELE73,6FTQIEQ
VG5951YMIZ,TWM02HX
UL669134MZ,XJ0L3YG
IZ767GIG18,BQURN0L
XX842ECD1B,BQ3BH5J
MZ441ELE73,V629OK6
VG5951YMIZ,PBH6R46
UL669134MZ,7AU6RXJ
IZ767GIG18,9JLHNGU
XX842ECD1B,BPG8ZPK
MZ441ELE73,EFRZXAC
ItemNumber,NS3CVEM
UL669134MZ,PS2QDXJ
IZ767GIG18,CTL4ESP
XX842ECD1B,EY4NWGL
MZ441ELE73,676FRX3
VG5951YMIZ,B7L4CBQ
UL669134MZ,DGTL75S
IZ767GIG18,HASGL0P
XX842ECD1B,HBGHRXH
MZ441ELE73,DNXQEEX
VG5951YMIZ,L3VSWT2
UL669134MZ,T1X1AYY
IZ767GIG18,77Y3QO6
XX842ECD1B,EE2V1BA
MZ441ELE73,23OQ3XR
ItemNumber,XKTG49U
UL669134MZ,Z3QDDGC
IZ767GIG18,Z5NJH3Z
XX842ECD1B,995RRCD
MZ441ELE73,VWP3WHC
VG5951YMIZ,1RRUXNO
UL669134MZ,I70ZX94
IZ767GIG18,RIH777F
XX842ECD1B,50PF94Z
MZ441ELE73,J7OMT5K
VG5951YMIZ,3PI6D8D
UL669134MZ,0VSFWS7
IZ767GIG18,1JUDV7W
XX842ECD1B,0WJHQV9
MZ441ELE73,309CNLC
ItemNumber,GZW69L2
UL669134MZ,FNPW2PV
IZ767GIG18,E21NIMP
XX842ECD1B,CDK7QMS
MZ441ELE73,4X8CAL9
VG5951YMIZ,NTP1JDA
UL669134MZ,Y7OXHZ4
IZ767GIG18,D9LEDU0
XX842ECD1B,L8ONK6W
MZ441ELE73,OHA9444
VG5951YMIZ,3FDYVZA
UL669134MZ,4CQ4BGD
IZ767GIG18,DVPIBKI
XX842ECD1B,30RFZV3
MZ441ELE73,6QHDB8M
ItemNumber,JR6RZDR
UL669134MZ,I2HS7TD
IZ767GIG18,W2WUWWJ
XX842ECD1B,8RHW4H8
MZ441ELE73,K40XEE8
VG5951YMIZ,NTT6QYC
UL669134MZ,HEPHBLM
IZ767GIG18,5RYHN69
XX842ECD1B,15NFY2J
MZ441ELE73,H9IU22E
VG5951YMIZ,G24S10F
UL669134MZ,7QSIPEH
IZ767GIG18,3PXAN1Z
XX842ECD1B,YUW6G0P
MZ441ELE73,7TVVZ9M
ItemNumber,2X1LN60
UL669134MZ,TNPVYLW
IZ767GIG18,ULZK6I7
XX842ECD1B,QOQ5H66
MZ441ELE73,VRMHXNU
VG5951YMIZ,YJHA5M4
UL669134MZ,F65QH0E
IZ767GIG18,YWMQMRN
XX842ECD1B,4N72GE1
MZ441ELE73,ZTP3KFY
VG5951YMIZ,5ZY6396
UL669134MZ,4PUNUHU
IZ767GIG18,U3VR6LE
XX842ECD1B,U4GTUEA
MZ441ELE73,M4AM97L
ItemNumber,6J27TSN
UL669134MZ,39GY6HE
IZ767GIG18,29NFIRL
XX842ECD1B,JZW5L5M
MZ441ELE73,1HPG7CF
VG5951YMIZ,26CS7YB
UL669134MZ,AMG6DYZ
IZ767GIG18,66QAF3F
XX842ECD1B,NF1TBO4
MZ441ELE73,BALUPNH
VG5951YMIZ,D1YDTHA
UL669134MZ,NUSC90O
IZ767GIG18,XMQ3NYH
XX842ECD1B,KXSZGOU
MZ441ELE73,L59B6V9
ItemNumber,V4F4CG2
UL669134MZ,D9W85YN
IZ767GIG18,4E0JBBG
XX842ECD1B,8HO9Y84
MZ441ELE73,3DN8NWR
VG5951YMIZ,3EGAC49
UL669134MZ,XTEDSDK
IZ767GIG18,4N1U4T7
XX842ECD1B,109FY7X
MZ441ELE73,LTAJ1HB
VG5951YMIZ,UT7YEMZ
UL669134MZ,DE20OX0
IZ767GIG18,22D7HTO
XX842ECD1B,23VESH0
MZ441ELE73,DBHQS5L
ItemNumber,AD8DAN7
UL669134MZ,8IV8ZQC
IZ767GIG18,CFBRCA7
XX842ECD1B,GKDZNVV
MZ441ELE73,DJ7RAX9
VG5951YMIZ,NQAD66H
UL669134MZ,DGB2TY4
IZ767GIG18,DXESA6D
XX842ECD1B,64IH2G1
MZ441ELE73,MX8UQHW
VG5951YMIZ,FKTRM45
UL669134MZ,Q8TQ2ON
IZ767GIG18,T4DDPN2
XX842ECD1B,BDB5X56
MZ441ELE73,Q2HVLN6
ItemNumber,YRAYYIF
UL669134MZ,S5OT9E0
IZ767GIG18,MX27I4T
XX842ECD1B,OPRFV32
MZ441ELE73,7KZR222
VG5951YMIZ,3N3RX4D
UL669134MZ,D59SW5A
IZ767GIG18,A7X5XCQ
XX842ECD1B,7JNTS7L
MZ441ELE73,VJPEYM1
VG5951YMIZ,VBRQXWB
UL669134MZ,2NZ0C1F
IZ767GIG18,6CBDB8B
XX842ECD1B,WGLBFKF
MZ441ELE73,LKU3LSG
ItemNumber,ZKHJNT4
UL669134MZ,R50Q2AZ
IZ767GIG18,LYXKNV0
XX842ECD1B,18H512X
MZ441ELE73,JR3O2MU
VG5951YMIZ,3MLVFB1
UL669134MZ,53WAMPV
IZ767GIG18,HN6YM08
XX842ECD1B,WEWF1JE
MZ441ELE73,04PLSH3
VG5951YMIZ,RQ8AATA
UL669134MZ,VXNR9GJ
IZ767GIG18,SKCF7G6
XX842ECD1B,N4Z6K00
MZ441ELE73,X3JSB0A
ItemNumber,RCKLD6P
UL669134MZ,1MGJ0QO
IZ767GIG18,KR6RE2R
XX842ECD1B,A7NIAOU
MZ441ELE73,0W2GTLE
VG5951YMIZ,EV42YPB
UL669134MZ,HJPSUX8
IZ767GIG18,YL3NGFP
XX842ECD1B,AXCZ7DO
MZ441ELE73,WK6BIEB
VG5951YMIZ,PIH9VWP
UL669134MZ,0ZTQT3C
IZ767GIG18,KL03FS5
XX842ECD1B,U3R717R
MZ441ELE73,UTLWVL5
GN1077TGK9,4Z6E21F
NL479YC3PM,4EZH6A2
IX83928QKZ,BY62OLI
MU581HY914,8US6LD7
ZT17074KDS,V4C8VYE
HI221W99HA,HNGVYWY
TW138D0O1G,N6HEVC1
AN397S5RSI,TLDN0UJ
QV741IG248,1Y27W4M
IN009KUD12,B56S0J9
GV32235T5I,VHJ5CYF
UJ1902SZ74,ZICK3FX
AT0971JPEB,ROOUFQ2
ZO213ADVAL,K0NH256
FU119WGN5I,24DPL6H
GN1077TGK9,X8G46V9
NL479YC3PM,B5ND809
IX83928QKZ,B0193AB
MU581HY914,2VRVDZN
ZT17074KDS,A6TREZD
HI221W99HA,MQG43JS
TW138D0O1G,8IEMIJ2
AN397S5RSI,7SK4EY8
QV741IG248,7Z1KVX2
IN009KUD12,A61LFTG
GV32235T5I,X2MVXIS
UJ1902SZ74,N32WDUY
AT0971JPEB,MQES8AK
ZO213ADVAL,5THMZZ9
FU119WGN5I,2ZP2SRV
GN1077TGK9,XFOQTQ8
NL479YC3PM,KGMDQQC
IX83928QKZ,Q4GT3TN
MU581HY914,A333ENO
ZT17074KDS,PWYLUST
HI221W99HA,STFSGZK
TW138D0O1G,VGLUZU2
AN397S5RSI,A2MLLUK
QV741IG248,QZDLKKC
IN009KUD12,2DRM7RA
GV32235T5I,UPNOGKC
UJ1902SZ74,TB77WFB
AT0971JPEB,42KK5ZM
ZO213ADVAL,NQ7SVYU
FU119WGN5I,WLLDTE0
GN1077TGK9,3N4MOOG
NL479YC3PM,WJRCK01
IX83928QKZ,9DPMC4A
MU581HY914,D3KHRLI
ZT17074KDS,OT1YG46
HI221W99HA,X3QR966
TW138D0O1G,TU2DBGD
AN397S5RSI,05F08SV
QV741IG248,VQA11SA
IN009KUD12,KQWOKA6
GV32235T5I,A1WRCUM
UJ1902SZ74,9Y9MDJE
AT0971JPEB,ZMG8YGY
ZO213ADVAL,PFKWZ2V
FU119WGN5I,AK2HFP6
GN1077TGK9,3DU0CCQ
NL479YC3PM,CWMEHHR
IX83928QKZ,ZL9E7NJ
MU581HY914,RGW74QS
ZT17074KDS,VSC0NSG
HI221W99HA,9K0NGOV
TW138D0O1G,OJMME67
AN397S5RSI,SVK0P90
QV741IG248,8H89BFU
IN009KUD12,9VPMQT8
GV32235T5I,AWT9382
UJ1902SZ74,KOPRBKQ
AT0971JPEB,233UKMR
ZO213ADVAL,U4JHZ6O
FU119WGN5I,7NZ7G72
GN1077TGK9,NV8C8I1
NL479YC3PM,XLQ9CBH
IX83928QKZ,9WKI0YR
MU581HY914,7XKPT0Q
ZT17074KDS,MYNGP44
HI221W99HA,58DKU8X
TW138D0O1G,CZJ4XZ4
AN397S5RSI,NVVWIUF
QV741IG248,JACIKFP
IN009KUD12,5N7IVF9
GV32235T5I,0D8DXNZ
UJ1902SZ74,AXDZ7BM
AT0971JPEB,B2DL31V
ZO213ADVAL,3V36P89
FU119WGN5I,RZPHTP7
GN1077TGK9,QIK28WM
NL479YC3PM,FNUHRVH
IX83928QKZ,TOAVVNY
MU581HY914,I6ITS8G
ZT17074KDS,QH2IJAF
HI221W99HA,SRFG9D6
TW138D0O1G,FNNJNJ0
AN397S5RSI,40OPF3D
QV741IG248,3YU8IWM
IN009KUD12,AOJ0RDG
GV32235T5I,18EDAJL
UJ1902SZ74,16BFA3R
AT0971JPEB,9CV9EK0
ZO213ADVAL,T22RXUH
FU119WGN5I,1Z1M9NK
GN1077TGK9,LWGNS5S
NL479YC3PM,0BOHNAR
IX83928QKZ,T6NDHFV
MU581HY914,K7FHPZR
ZT17074KDS,WTKQUVE
HI221W99HA,4TNOZA0
TW138D0O1G,ASDPGQH
AN397S5RSI,ATRH18O
QV741IG248,8IBUM4V
IN009KUD12,1ZKQJAY
GV32235T5I,3PUVCDA
UJ1902SZ74,L98P75C
AT0971JPEB,69GMZPH
ZO213ADVAL,TQOWRSR
FU119WGN5I,CF6M8F0
GN1077TGK9,CNO2V6N
NL479YC3PM,7EUMK4V
IX83928QKZ,VI601GJ
MU581HY914,UKGO1ZT
ZT17074KDS,T4TTRS9
HI221W99HA,AGCJY1E
TW138D0O1G,PCBABEE
AN397S5RSI,21LL2V6
QV741IG248,X5RZWQZ
IN009KUD12,KY4GIB9
GV32235T5I,HNWXEX3
UJ1902SZ74,G5SMSQW
AT0971JPEB,98D3DFC
ZO213ADVAL,EY1EI88
FU119WGN5I,XO6QOS2
GN1077TGK9,5AMIZ86
NL479YC3PM,XTP9P5C
IX83928QKZ,D1J3JZH
MU581HY914,UKRXP99
ZT17074KDS,NTPE8VM
HI221W99HA,61Y1BQD
TW138D0O1G,Q70ERMC
AN397S5RSI,TOU5510
QV741IG248,OLAMSW6
IN009KUD12,OO79H1V
GV32235T5I,T0ZTFCT
UJ1902SZ74,L1F92VS
AT0971JPEB,MPK8J3J
ZO213ADVAL,ZYUQ13B
FU119WGN5I,9MD2FHN
GN1077TGK9,R6ZUKZU
NL479YC3PM,RR5TSJB
IX83928QKZ,EFUUDIL
MU581HY914,A9J6P9V
ZT17074KDS,S2O2NBJ
HI221W99HA,I1VDLBP
TW138D0O1G,W8OLI8N
AN397S5RSI,PV6ZZBG
QV741IG248,L8UEJLT
IN009KUD12,SY50QRG
GV32235T5I,D6EF5R2
UJ1902SZ74,80WVN2H
AT0971JPEB,2R5CEQ1
ZO213ADVAL,I6HASCE
FU119WGN5I,CG4PWCR
GN1077TGK9,F5EC6S9
NL479YC3PM,S5PYFHU
IX83928QKZ,FC486ZT
MU581HY914,P9B9V12
ZT17074KDS,PUC5CD4
HI221W99HA,NOTQET1
TW138D0O1G,6R9WGUM
AN397S5RSI,LAJ58SI
QV741IG248,V7Q13C5
IN009KUD12,2RJVOZM
GV32235T5I,UT4YHY5
UJ1902SZ74,9SAJLEY
AT0971JPEB,NVA5EB1
ZO213ADVAL,XEQOG42
FU119WGN5I,GYVQV1M
GN1077TGK9,16FD9H2
NL479YC3PM,VYE5OFB
IX83928QKZ,9FA6N3X
MU581HY914,2VTE45M
ZT17074KDS,9JHY25Q
HI221W99HA,67XIA2X
TW138D0O1G,T9FQNYE
AN397S5RSI,ZPSQ3T1
QV741IG248,9CJ2O4U
IN009KUD12,AKSOFLS
GV32235T5I,OS6REGC
UJ1902SZ74,2PRGDZC
AT0971JPEB,7H4UX0F
ZO213ADVAL,LQ9FU5D
FU119WGN5I,D9TZZS7
GN1077TGK9,CKF5V92
NL479YC3PM,YAP84E9
IX83928QKZ,PKUNH6O
MU581HY914,D1NB7IQ
ZT17074KDS,BFKZNQE
HI221W99HA,QNSV072
TW138D0O1G,G1N31TF
AN397S5RSI,X44E1SS
QV741IG248,4FMT1MG
IN009KUD12,SXI7GIH
GV32235T5I,UUO28Q2
UJ1902SZ74,ZNPBMYT
AT0971JPEB,1RVV0JG
ZO213ADVAL,J1FFH8E
FU119WGN5I,PIUZ671
GN1077TGK9,5OXX9EF
NL479YC3PM,650FOV3
IX83928QKZ,U1G12XK
MU581HY914,7NZWL8Z
ZT17074KDS,DTBGDCP
HI221W99HA,MH9IQVW
TW138D0O1G,706LOH2
AN397S5RSI,TAW39WP
QV741IG248,584O6PU
IN009KUD12,VIO4D1K
GV32235T5I,B590MHU
UJ1902SZ74,9QNC9XH
AT0971JPEB,CDW215F
ZO213ADVAL,PQYFCCX
FU119WGN5I,ZF6DB9D
GN1077TGK9,HP5GAFL
NL479YC3PM,31JJY10
IX83928QKZ,KUVNKQY
MU581HY914,KE3EOEN
ZT17074KDS,P6UL25I
HI221W99HA,ZEJ1BLM
TW138D0O1G,QI7ASQJ
AN397S5RSI,IYPBGKJ
QV741IG248,RBVUSAY
IN009KUD12,EOJMANM
GV32235T5I,QTXT0EQ
UJ1902SZ74,TI0YG0S
AT0971JPEB,ZNSC7CP
ZO213ADVAL,686CI6M
FU119WGN5I,0MIDDS8
GN1077TGK9,9ST80IY
NL479YC3PM,IXE7OQS
IX83928QKZ,63ZQXBU
MU581HY914,C6KZDTB
ZT17074KDS,LTKXU9M
HI221W99HA,UUZRA9N
TW138D0O1G,VDX0SY6
AN397S5RSI,BK87UQF
QV741IG248,PTQW50W
IN009KUD12,J7KFFAN
GV32235T5I,OL6LQ28
UJ1902SZ74,5EF7T4E
AT0971JPEB,L1J6OQH
ZO213ADVAL,NIXATV8
FU119WGN5I,GISTO66
GN1077TGK9,7G3X5B7
NL479YC3PM,R4P85VL
IX83928QKZ,CYTG0B3
MU581HY914,2BAFKZ7
ZT17074KDS,1ZI8GXF
HI221W99HA,O1FTM22
TW138D0O1G,9ZQGO1Q
AN397S5RSI,NPSFG3U
QV741IG248,EV4UYNY
IN009KUD12,W4HKMV1
GV32235T5I,2JAL5QK
UJ1902SZ74,OAF6X8A
AT0971JPEB,4YMXXSU
ZO213ADVAL,Z44V2QW
FU119WGN5I,33PP1D3
GN1077TGK9,K9039QY
NL479YC3PM,J5LLECQ
IX83928QKZ,7EV3GJ4
MU581HY914,YN2LP8G
ZT17074KDS,YG8GZ4X
HI221W99HA,R721OY0
TW138D0O1G,91SW0E1
AN397S5RSI,U5DD9WQ
QV741IG248,QIZNGJS
IN009KUD12,8KSZC3H
GV32235T5I,EQDF3MW
UJ1902SZ74,GXHEHCD
AT0971JPEB,XMDWIKH
ZO213ADVAL,S7RR3EX
FU119WGN5I,J01ZVTR
GN1077TGK9,W1PNBDL
NL479YC3PM,KHAXZG3
IX83928QKZ,RENE586
MU581HY914,YCB94KU
ZT17074KDS,I80RF6T
HI221W99HA,WLI8EQ1
TW138D0O1G,840ITUS
AN397S5RSI,2O6PXOR
QV741IG248,IMOKK21
IN009KUD12,5IOYPXB
GV32235T5I,4EJVTIX
UJ1902SZ74,V7MGIZE
AT0971JPEB,96LXURP
ZO213ADVAL,BZ7BV64
FU119WGN5I,BFSFSXU
GN1077TGK9,CH9PL9M
NL479YC3PM,8MX6ZGC
IX83928QKZ,59G8LO3
MU581HY914,MTAZN7V
ZT17074KDS,X367BX4
HI221W99HA,78YU7ON
TW138D0O1G,L6PD8NP
AN397S5RSI,K7WDEJG
QV741IG248,NZD0DE6
IN009KUD12,OH545OD
GV32235T5I,Q74EXEH
UJ1902SZ74,S9R1PLE
AT0971JPEB,UVA91J0
ZO213ADVAL,ARJ9BTW
FU119WGN5I,SD7P1M8
GN1077TGK9,8SOZH2I
NL479YC3PM,GOUUSBE
IX83928QKZ,Z9DE58X
MU581HY914,BGW3VPB
ZT17074KDS,ILA68CY
HI221W99HA,LDZG0RP
TW138D0O1G,SY3GHGZ
AN397S5RSI,R4XAQV3
QV741IG248,D6R4VDS
IN009KUD12,0SIPRLO
GV32235T5I,35LY3B0
UJ1902SZ74,QPCPYKL
AT0971JPEB,KK55NVQ
ZO213ADVAL,4D55RE5
FU119WGN5I,3D0ZGAP
GN1077TGK9,J7DYQL0
NL479YC3PM,0F9BB41
IX83928QKZ,L8PVL8M
MU581HY914,R4RWMR1
ZT17074KDS,UGLIL78
HI221W99HA,1QIJP7A
TW138D0O1G,WTK0Q58
AN397S5RSI,NHOGRNR
QV741IG248,R7P9DOQ
IN009KUD12,57AWNYN
GV32235T5I,Z2MGFQT
UJ1902SZ74,H7O2NIU
AT0971JPEB,HY6SY2I
ZO213ADVAL,17M6M4W
FU119WGN5I,ULJQY9R
GN1077TGK9,8CRLWO3
NL479YC3PM,KB8XT2N
IX83928QKZ,RUSGL8V
MU581HY914,UFP6AGO
ZT17074KDS,VNABJC0
HI221W99HA,4ROE0MY
TW138D0O1G,XTRQIKT
AN397S5RSI,IFUCNWN
QV741IG248,J1OKT8P
IN009KUD12,00Q8DQF
GV32235T5I,2JGRNZU
UJ1902SZ74,8D51RID
AT0971JPEB,TYRIUN5
ZO213ADVAL,NEJOE9K
FU119WGN5I,571KNL9
GN1077TGK9,WO6UNOE
NL479YC3PM,WCOJTKH
IX83928QKZ,J0IFANM
MU581HY914,C9O5LIV
ZT17074KDS,NANU7KA
HI221W99HA,NTTPGVE
TW138D0O1G,RN68KBE
AN397S5RSI,CM91R8D
QV741IG248,2TZIYHS
IN009KUD12,6NFFOMF
GV32235T5I,TKTM50Y
UJ1902SZ74,RVD3YIX
AT0971JPEB,FBI5B5G
ZO213ADVAL,44RJJ2B
FU119WGN5I,DM9OYCM
GN1077TGK9,QMUGEWG
NL479YC3PM,RJQHJT4
IX83928QKZ,QHCXNKV
MU581HY914,WK5BUAR
ZT17074KDS,J6F8YIR
HI221W99HA,QIPE84I
TW138D0O1G,HZ5NE8A
AN397S5RSI,DGWMXJ9
QV741IG248,F930OAW
IN009KUD12,XY1WQ6N
GV32235T5I,2T2SQ7A
UJ1902SZ74,819SRC1
AT0971JPEB,MHU5RYB
ZO213ADVAL,BUQ5A9A
FU119WGN5I,7TY7U5A
GN1077TGK9,147EFSQ
NL479YC3PM,DS7KVSN
IX83928QKZ,CDKFOM5
MU581HY914,UD4XYY4
ZT17074KDS,RXYJT63
HI221W99HA,DLZ1AA4
TW138D0O1G,HC5QSB1
AN397S5RSI,OGD0WH6
QV741IG248,HBAL1KF
IN009KUD12,0QTJY8X
GV32235T5I,0JJHOQ7
UJ1902SZ74,32E0KHW
AT0971JPEB,SA2HQYO
ZO213ADVAL,0EL15PB
FU119WGN5I,74IL1HQ
GN1077TGK9,W8GNNV1
NL479YC3PM,H0A1PTH
IX83928QKZ,V75N129
MU581HY914,OEAKN59
ZT17074KDS,ELNTHE2
HI221W99HA,B85BZNL
TW138D0O1G,CH4C93X
AN397S5RSI,RK9BCNS
QV741IG248,AR6XS1Z
IN009KUD12,L0LKTZJ
GV32235T5I,PRWI0MZ
UJ1902SZ74,I4YNLL6
AT0971JPEB,KPB6R8B
ZO213ADVAL,CLCFGKP
FU119WGN5I,YK7TBPH
GN1077TGK9,CFLT5TY
NL479YC3PM,L29QOFJ
IX83928QKZ,N9DXMNR
MU581HY914,NE6G9T0
ZT17074KDS,D8EWSZA
HI221W99HA,UEB3SSD
TW138D0O1G,Q0CEDY6
AN397S5RSI,Z7GWQW1
QV741IG248,Y1CLWE0
IN009KUD12,Z55PJUQ
GV32235T5I,SRGJE56
UJ1902SZ74,GFPCHJF
AT0971JPEB,7HB4RBQ
ZO213ADVAL,6DG2V6H
FU119WGN5I,L8GDH98
GN1077TGK9,XIDRCX9
NL479YC3PM,G2QR6CC
IX83928QKZ,ZRI0EC1
MU581HY914,BO2JRD0
ZT17074KDS,QM7V152
HI221W99HA,KM8HE1Q
TW138D0O1G,ZCJ8UNI
AN397S5RSI,1MWVVP6
QV741IG248,8E4MPSP
IN009KUD12,ZE4DBMU
GV32235T5I,W3TJETR
UJ1902SZ74,FWN8ME5
AT0971JPEB,OJYVM7T
ZO213ADVAL,V6R4MUO
FU119WGN5I,PBOFRZN
GN1077TGK9,A4OFLJK
NL479YC3PM,4AXFS53
IX83928QKZ,2ENW7I8
MU581HY914,6EFYO8X
ZT17074KDS,9UA4EPL
HI221W99HA,TUZR8CF
TW138D0O1G,XWWDBFY
AN397S5RSI,G1W0U02
QV741IG248,XRE8ABF
IN009KUD12,GIUTHTF
GV32235T5I,96XTRXB
UJ1902SZ74,F4RMS52
AT0971JPEB,8HQEG5V
ZO213ADVAL,BM862FK
FU119WGN5I,PIP9QBB
GN1077TGK9,IPOUI8O
NL479YC3PM,U8CXZLG
IX83928QKZ,P37D8O9
MU581HY914,S9NK169
ZT17074KDS,TA8M2PQ
HI221W99HA,SEFGSAX
TW138D0O1G,DHJ5C4C
AN397S5RSI,38CAAE6
QV741IG248,KCZJNVY
IN009KUD12,W68CMC6
GV32235T5I,GENDW7D
UJ1902SZ74,X4YS2XG
AT0971JPEB,Y63ILXL
ZO213ADVAL,NH9RFLC
FU119WGN5I,WCCTPTL
GN1077TGK9,27W7WDI
NL479YC3PM,L1S9WSK
IX83928QKZ,TTKQW9S
MU581HY914,IO8M2OS
ZT17074KDS,691MWQY
HI221W99HA,DBNLDVJ
TW138D0O1G,7AUJLOE
AN397S5RSI,LNUAWS0
QV741IG248,K0VKVCM
IN009KUD12,EE5HWOD
GV32235T5I,XK6B3PG
UJ1902SZ74,WEPPU3L
AT0971JPEB,9FKZK2E
ZO213ADVAL,OCBNBJ1
FU119WGN5I,SL57SVO
GN1077TGK9,PL5Q0YW
NL479YC3PM,0VQWLN9
IX83928QKZ,U307NGZ
MU581HY914,ETNWNW7
ZT17074KDS,95NSGU9
HI221W99HA,GJGBCEC
TW138D0O1G,NR48XYR
AN397S5RSI,Z1VNMTK
QV741IG248,BPVEU55
IN009KUD12,F6P94DX
GV32235T5I,XCMPUYS
UJ1902SZ74,492RFDB
AT0971JPEB,3ASGN0H
ZO213ADVAL,H3DQ7T9
FU119WGN5I,0ZES9BJ
GN1077TGK9,90FZ0JR
NL479YC3PM,BLQ8V8O
IX83928QKZ,XFXYYR6
MU581HY914,SKNG9QP
ZT17074KDS,VB5VQBZ
HI221W99HA,6IR7GGV
TW138D0O1G,32MOUU1
AN397S5RSI,YWCM6I3
QV741IG248,CRUDX5H
IN009KUD12,JBPCGNN
GV32235T5I,RL5YF70
UJ1902SZ74,9G9XC7V
AT0971JPEB,288N9DX
ZO213ADVAL,2W180FC
FU119WGN5I,0UVP949
GN1077TGK9,24XDHTQ
NL479YC3PM,QHB4903
IX83928QKZ,BADL7RB
MU581HY914,BA7RGVF
ZT17074KDS,S2JLMLP
HI221W99HA,FGDGJX4
TW138D0O1G,ER0X2PI
AN397S5RSI,5BDYALM
QV741IG248,6SDAKHU
IN009KUD12,G246H6E
GV32235T5I,2X99KDN
UJ1902SZ74,W1SFQVD
AT0971JPEB,33DR4PI
ZO213ADVAL,T9BMRZS
FU119WGN5I,YTCHS7G
GN1077TGK9,SZU9U5C
NL479YC3PM,CAZSOY4
IX83928QKZ,GOHB8NG
MU581HY914,V6OA30N
ZT17074KDS,48ND9VR
HI221W99HA,DRL1BU4
TW138D0O1G,SYV7HVG
AN397S5RSI,ULZ7RGE
QV741IG248,UHAVZ08
IN009KUD12,DJWN8YU
GV32235T5I,NDAWHZR
UJ1902SZ74,SODYLI9
AT0971JPEB,T7ZMEM7
ZO213ADVAL,HSRP2ZE
FU119WGN5I,TRQENEF
GN1077TGK9,8OQDEUG
NL479YC3PM,HQLMQTR
IX83928QKZ,4FRE6ZB
MU581HY914,CG5RG04
ZT17074KDS,T2PXLLE
HI221W99HA,PGRN66Z
TW138D0O1G,YEQ7BP9
AN397S5RSI,7MWQKQL
QV741IG248,D15ANEO
IN009KUD12,EOODVKO
GV32235T5I,D8DLDXR
UJ1902SZ74,HLGTMOF
AT0971JPEB,GYHGIYE
ZO213ADVAL,ELVJQ9P
FU119WGN5I,TS957J0
GN1077TGK9,JIUWQMR
NL479YC3PM,SOOSTY3
IX83928QKZ,Z8ABS9C
MU581HY914,E6X10SH
ZT17074KDS,DXYACM4
HI221W99HA,4UQ52GO
TW138D0O1G,P6UT0D1
AN397S5RSI,HH18XM2
QV741IG248,IOTTTJ5
IN009KUD12,ZIVFG3K
GV32235T5I,RXF86XP
UJ1902SZ74,G9EDV6K
AT0971JPEB,S9HVGXP
ZO213ADVAL,8639YC3
FU119WGN5I,3CDP7UT
GN1077TGK9,06OUFGB
NL479YC3PM,BHRICY1
IX83928QKZ,LJCF433
MU581HY914,VGG1NMK
ZT17074KDS,5JWB2KW
HI221W99HA,CUFTTU6
TW138D0O1G,4PWVA1H
AN397S5RSI,AMCQOXS
QV741IG248,GSLXCE1
IN009KUD12,HU7B1C1
GV32235T5I,XI1QTKE
UJ1902SZ74,LX3NBM2
AT0971JPEB,GJVHRRT
ZO213ADVAL,IQQPCY9
FU119WGN5I,M6FCY6S
GN1077TGK9,DT2538O
NL479YC3PM,OAF643V
IX83928QKZ,82TUKEJ
MU581HY914,MVZQGPX
ZT17074KDS,K4XGO8R
HI221W99HA,G7L63RX
TW138D0O1G,DB0CM6Q
AN397S5RSI,M45Q5UJ
QV741IG248,5Y6BEWO
IN009KUD12,0F1CRDC
GV32235T5I,0IB13PB
UJ1902SZ74,Z1OXWZ0
AT0971JPEB,N1W6GEY
ZO213ADVAL,FCVD5I7
FU119WGN5I,PNNBP3L
GN1077TGK9,DNPSSQW
NL479YC3PM,0DCVJ10
IX83928QKZ,RQMXL01
MU581HY914,0IW857T
ZT17074KDS,S8AGPHQ
HI221W99HA,3SQ2S40
TW138D0O1G,BCMJKQ0
AN397S5RSI,2603VQK
QV741IG248,ZEL4AIP
IN009KUD12,V0SMC40
GV32235T5I,AG8M7IU
UJ1902SZ74,6R1Z6F1
AT0971JPEB,M91XP35
ZO213ADVAL,ZHNTSBX
FU119WGN5I,FUW6KGW
GN1077TGK9,VMQ666V
NL479YC3PM,TL2RK5C
IX83928QKZ,I3U5NGM
MU581HY914,RW7B2I3
ZT17074KDS,4GHMEXU
HI221W99HA,NYFGQMH
TW138D0O1G,VAIXAZF
AN397S5RSI,HPUU65R
QV741IG248,LA81NE2
IN009KUD12,X7GSVVL
GV32235T5I,EJMGDD8
UJ1902SZ74,XOU33J3
AT0971JPEB,28OB3LE
ZO213ADVAL,JW3F2X8
FU119WGN5I,B7SQNED
GN1077TGK9,90L5R7K
NL479YC3PM,6ARGDTH
IX83928QKZ,LZSTS1I
MU581HY914,CS7D0YX
ZT17074KDS,Z4EASQE
HI221W99HA,I7RCY0X
TW138D0O1G,YA7TLMX
AN397S5RSI,GRYHG8Q
QV741IG248,GZSX1AO
IN009KUD12,WSN208U
GV32235T5I,OHGEDQS
UJ1902SZ74,4BDOHUC
AT0971JPEB,3QWLTWZ
ZO213ADVAL,YN9FOC1
FU119WGN5I,QR4WZD9
GN1077TGK9,PI17JUW
NL479YC3PM,IT2LKVQ
IX83928QKZ,MQZZRR4
MU581HY914,B2HG8XM
ZT17074KDS,U30PS5G
HI221W99HA,IY9VR2E
TW138D0O1G,1SR4KMA
AN397S5RSI,19ZTYTT
QV741IG248,QB7PUEY
IN009KUD12,ROSEGG8
GV32235T5I,S8OWSOE
UJ1902SZ74,JRVSO8R
AT0971JPEB,GN0CZE8
ZO213ADVAL,TRH2F9U
UA700ZHN5F,QAVIAEZ
TR202OHRJ8,ZZ9L1PI
RY8076ADQX,DMTX6BZ
ZF254JDBWA,2EGYICG
HT187TM346,FHD38QR
AN106VMB9Z,RQ3SSD8
FF3610NQ0W,EZWIPGS
BS508XXHRD,SI17ALA
EU290A8ENU,H9ZP82E
ES187TFWQ2,83HR5QU
JZ187GWLN4,HAP9NK6
JW592Q3SL6,FT79ZVS
FH43868JVJ,36K7PGA
SU2488GBJT,JKEVRB3
ML469SF2K2,LUBXI4Y
PL3630RQA1,NWC8JTO
GK022DF4QW,SOVSMI1
TT307O6LI0,61TYF6J
CO124ZSD0O,QB8YOWJ
FC438KLT2J,4UDHEE0
HP871D4F83,NEER1C3
ZD552B4JBM,M98VB8S
OJ2250C54Q,4KLL5HA
OI8633SWUT,0GV1L88
DT520ZOXYB,5CAHO8H
RG598ASDO7,GGZSYNN
DH031YQ31Y,YIGBHTZ
XW73487FO8,5K5DFOO
WR515MRIQX,086AQOV
DW699P5QVC,23OJAUW
AJ650FB45L,CB15FKY
TR723MA1YJ,JQUANB7
GM908GVWQ5,E6OF1V7
WM417NWVWW,DE5ZBX7
YQ530V4QMY,HF4LRZM
MG684CDYQL,ZJVCQV4
SD943E74A0,LAC0T26
QX118174TB,TXS2Z9F
FI450JPZCV,PMPY1RU
HE967K2P62,2GADGDV
UC95605J9C,44MWZIU
JU321C82FC,4M9VWYV
ET674G0JJH,ZJT6POP
QW9998X5WK,7WZBJJN
TK143QJ0LV,N64I7CY
UA700ZHN5F,6RQ3W8B
TR202OHRJ8,9SA5GRO
RY8076ADQX,CQSLZJN
ZF254JDBWA,ZKNHYUQ
HT187TM346,5RCFEAN
AN106VMB9Z,J5H2S0H
FF3610NQ0W,OQ2O30Q
BS508XXHRD,RJI61OR
EU290A8ENU,EMP4W84
ES187TFWQ2,9C6EBD0
JZ187GWLN4,D7F0RJR
JW592Q3SL6,JMUYFQJ
FH43868JVJ,TL5A7W8
SU2488GBJT,6J7YG55
ML469SF2K2,QYQOGYF
PL3630RQA1,SVJDMK7
GK022DF4QW,N4QSH2R
TT307O6LI0,Q9Y0AYF
CO124ZSD0O,QKOPEWQ
FC438KLT2J,VLVH9OT
HP871D4F83,1LQVGW4
ZD552B4JBM,P7OOHL3
OJ2250C54Q,9AY3FNP
OI8633SWUT,HU378CS
DT520ZOXYB,6GUU85R
RG598ASDO7,YUDE4HT
DH031YQ31Y,UCRFJJT
XW73487FO8,AV4EIHF
WR515MRIQX,CRBVZRK
DW699P5QVC,6T44EYH
AJ650FB45L,N63QKZ7
TR723MA1YJ,E4ULMGH
GM908GVWQ5,WBRM2GL
WM417NWVWW,KUYT1TA
YQ530V4QMY,SYCFNT1
MG684CDYQL,649I366
SD943E74A0,8WNCHXV
QX118174TB,HT14D2Z
FI450JPZCV,UOUB8R9
HE967K2P62,6FAJYZH
UC95605J9C,43RIHLN
JU321C82FC,UPBD72J
ET674G0JJH,13OSX2S
QW9998X5WK,UUFI363
TK143QJ0LV,0RCV4CG
UA700ZHN5F,IPN8VB3
TR202OHRJ8,IYD5EFN
RY8076ADQX,Z13AEK2
ZF254JDBWA,1GWJB0J
HT187TM346,XDJELYF
AN106VMB9Z,M3P97IB
FF3610NQ0W,DT6MQKP
BS508XXHRD,826HKE8
EU290A8ENU,QVXSYTY
ES187TFWQ2,64IZ3PZ
JZ187GWLN4,BQT5FM6
JW592Q3SL6,AFDP2U8
FH43868JVJ,R9UC5OB
SU2488GBJT,TZMCA6F
ML469SF2K2,X8YD45S
PL3630RQA1,GIIGLL4
GK022DF4QW,CAHNDFI
TT307O6LI0,IU5EPFN
CO124ZSD0O,LRYYB6S
FC438KLT2J,MGHXZDL
HP871D4F83,RRANUPH
ZD552B4JBM,Z6ZUOH8
OJ2250C54Q,8IYN8H6
OI8633SWUT,4X7DMIK
DT520ZOXYB,OP0LPGE
RG598ASDO7,DJ4NIQ4
DH031YQ31Y,83WM68X
XW73487FO8,3OK7UP0
WR515MRIQX,SVPCUNO
DW699P5QVC,BF8K8VD
AJ650FB45L,TKFGIHP
TR723MA1YJ,ZPY1W0I
GM908GVWQ5,L0PSSG0
WM417NWVWW,B8UK6WY
YQ530V4QMY,M1YSXZR
MG684CDYQL,B7XTPAW
SD943E74A0,W8EE68A
QX118174TB,7LJX567
FI450JPZCV,SXIARWX
HE967K2P62,I8J1CUS
UC95605J9C,E15XCAJ
JU321C82FC,EELBEJY
ET674G0JJH,39MB50Z
QW9998X5WK,CP8C831
TK143QJ0LV,HNFURBO
UA700ZHN5F,CL68H6V
TR202OHRJ8,CLRSBNI
RY8076ADQX,BOA8A09
ZF254JDBWA,SQW4DRM
HT187TM346,XRM5BAW
AN106VMB9Z,50O7AT8
FF3610NQ0W,YHI5SWJ
BS508XXHRD,RCU1UXV
EU290A8ENU,O70O817
ES187TFWQ2,MPSEAME
JZ187GWLN4,RK4S6HU
JW592Q3SL6,AIFFABF
FH43868JVJ,LPQ82HX
SU2488GBJT,U7BI5I1
ML469SF2K2,SYALPFN
PL3630RQA1,6FTQIEQ
GK022DF4QW,TWM02HX
TT307O6LI0,XJ0L3YG
CO124ZSD0O,BQURN0L
FC438KLT2J,BQ3BH5J
HP871D4F83,V629OK6
ZD552B4JBM,PBH6R46
OJ2250C54Q,7AU6RXJ
OI8633SWUT,9JLHNGU
DT520ZOXYB,BPG8ZPK
RG598ASDO7,EFRZXAC
DH031YQ31Y,NS3CVEM
XW73487FO8,PS2QDXJ
WR515MRIQX,CTL4ESP
DW699P5QVC,EY4NWGL
AJ650FB45L,676FRX3
TR723MA1YJ,B7L4CBQ
GM908GVWQ5,DGTL75S
WM417NWVWW,HASGL0P
YQ530V4QMY,HBGHRXH
MG684CDYQL,DNXQEEX
SD943E74A0,L3VSWT2
QX118174TB,T1X1AYY
FI450JPZCV,77Y3QO6
HE967K2P62,EE2V1BA
UC95605J9C,23OQ3XR
JU321C82FC,XKTG49U
ET674G0JJH,Z3QDDGC
QW9998X5WK,Z5NJH3Z
TK143QJ0LV,995RRCD
UA700ZHN5F,VWP3WHC
TR202OHRJ8,1RRUXNO
RY8076ADQX,I70ZX94
ZF254JDBWA,RIH777F
HT187TM346,50PF94Z
AN106VMB9Z,J7OMT5K
FF3610NQ0W,3PI6D8D
BS508XXHRD,0VSFWS7
EU290A8ENU,1JUDV7W
ES187TFWQ2,0WJHQV9
JZ187GWLN4,309CNLC
JW592Q3SL6,GZW69L2
FH43868JVJ,FNPW2PV
SU2488GBJT,E21NIMP
ML469SF2K2,CDK7QMS
PL3630RQA1,4X8CAL9
GK022DF4QW,NTP1JDA
TT307O6LI0,Y7OXHZ4
CO124ZSD0O,D9LEDU0
FC438KLT2J,L8ONK6W
HP871D4F83,OHA9444
ZD552B4JBM,3FDYVZA
OJ2250C54Q,4CQ4BGD
OI8633SWUT,DVPIBKI
DT520ZOXYB,30RFZV3
RG598ASDO7,6QHDB8M
DH031YQ31Y,JR6RZDR
XW73487FO8,I2HS7TD
WR515MRIQX,W2WUWWJ
DW699P5QVC,8RHW4H8
AJ650FB45L,K40XEE8
TR723MA1YJ,NTT6QYC
GM908GVWQ5,HEPHBLM
WM417NWVWW,5RYHN69
YQ530V4QMY,15NFY2J
MG684CDYQL,H9IU22E
SD943E74A0,G24S10F
QX118174TB,7QSIPEH
FI450JPZCV,3PXAN1Z
HE967K2P62,YUW6G0P
UC95605J9C,7TVVZ9M
JU321C82FC,2X1LN60
ET674G0JJH,TNPVYLW
QW9998X5WK,ULZK6I7
TK143QJ0LV,QOQ5H66
UA700ZHN5F,VRMHXNU
TR202OHRJ8,YJHA5M4
RY8076ADQX,F65QH0E
ZF254JDBWA,YWMQMRN
HT187TM346,4N72GE1
AN106VMB9Z,ZTP3KFY
FF3610NQ0W,5ZY6396
BS508XXHRD,4PUNUHU
EU290A8ENU,U3VR6LE
ES187TFWQ2,U4GTUEA
JZ187GWLN4,M4AM97L
JW592Q3SL6,6J27TSN
FH43868JVJ,39GY6HE
SU2488GBJT,29NFIRL
ML469SF2K2,JZW5L5M
PL3630RQA1,1HPG7CF
GK022DF4QW,26CS7YB
TT307O6LI0,AMG6DYZ
CO124ZSD0O,66QAF3F
FC438KLT2J,NF1TBO4
HP871D4F83,BALUPNH
ZD552B4JBM,D1YDTHA
OJ2250C54Q,NUSC90O
OI8633SWUT,XMQ3NYH
DT520ZOXYB,KXSZGOU
RG598ASDO7,L59B6V9
DH031YQ31Y,V4F4CG2
XW73487FO8,D9W85YN
WR515MRIQX,4E0JBBG
DW699P5QVC,8HO9Y84
AJ650FB45L,3DN8NWR
TR723MA1YJ,3EGAC49
GM908GVWQ5,XTEDSDK
WM417NWVWW,4N1U4T7
YQ530V4QMY,109FY7X
MG684CDYQL,LTAJ1HB
SD943E74A0,UT7YEMZ
QX118174TB,DE20OX0
FI450JPZCV,22D7HTO
HE967K2P62,23VESH0
UC95605J9C,DBHQS5L
JU321C82FC,AD8DAN7
ET674G0JJH,8IV8ZQC
QW9998X5WK,CFBRCA7
TK143QJ0LV,GKDZNVV
UA700ZHN5F,DJ7RAX9
TR202OHRJ8,NQAD66H
RY8076ADQX,DGB2TY4
ZF254JDBWA,DXESA6D
HT187TM346,64IH2G1
AN106VMB9Z,MX8UQHW
FF3610NQ0W,FKTRM45
BS508XXHRD,Q8TQ2ON
EU290A8ENU,T4DDPN2
ES187TFWQ2,BDB5X56
JZ187GWLN4,Q2HVLN6
JW592Q3SL6,YRAYYIF
FH43868JVJ,S5OT9E0
SU2488GBJT,MX27I4T
ML469SF2K2,OPRFV32
PL3630RQA1,7KZR222
GK022DF4QW,3N3RX4D
TT307O6LI0,D59SW5A
CO124ZSD0O,A7X5XCQ
FC438KLT2J,7JNTS7L
HP871D4F83,VJPEYM1
ZD552B4JBM,VBRQXWB
OJ2250C54Q,2NZ0C1F
OI8633SWUT,6CBDB8B
DT520ZOXYB,WGLBFKF
RG598ASDO7,LKU3LSG
DH031YQ31Y,ZKHJNT4
XW73487FO8,R50Q2AZ
WR515MRIQX,LYXKNV0
DW699P5QVC,18H512X
AJ650FB45L,JR3O2MU
TR723MA1YJ,3MLVFB1
GM908GVWQ5,53WAMPV
WM417NWVWW,HN6YM08
YQ530V4QMY,WEWF1JE
MG684CDYQL,04PLSH3
SD943E74A0,RQ8AATA
QX118174TB,VXNR9GJ
FI450JPZCV,SKCF7G6
HE967K2P62,N4Z6K00
UC95605J9C,X3JSB0A
JU321C82FC,RCKLD6P
ET674G0JJH,1MGJ0QO
QW9998X5WK,KR6RE2R
TK143QJ0LV,A7NIAOU
UA700ZHN5F,0W2GTLE
TR202OHRJ8,EV42YPB
RY8076ADQX,HJPSUX8
ZF254JDBWA,YL3NGFP
HT187TM346,AXCZ7DO
AN106VMB9Z,WK6BIEB
FF3610NQ0W,PIH9VWP
BS508XXHRD,0ZTQT3C
EU290A8ENU,KL03FS5
ES187TFWQ2,U3R717R
JZ187GWLN4,UTLWVL5
JW592Q3SL6,4Z6E21F
FH43868JVJ,4EZH6A2
SU2488GBJT,BY62OLI
ML469SF2K2,8US6LD7
PL3630RQA1,V4C8VYE
GK022DF4QW,HNGVYWY
TT307O6LI0,N6HEVC1
CO124ZSD0O,TLDN0UJ
FC438KLT2J,1Y27W4M
HP871D4F83,B56S0J9
ZD552B4JBM,VHJ5CYF
OJ2250C54Q,ZICK3FX
OI8633SWUT,ROOUFQ2
DT520ZOXYB,K0NH256
RG598ASDO7,24DPL6H
DH031YQ31Y,X8G46V9
XW73487FO8,B5ND809
WR515MRIQX,B0193AB
DW699P5QVC,2VRVDZN
AJ650FB45L,A6TREZD
TR723MA1YJ,MQG43JS
GM908GVWQ5,8IEMIJ2
WM417NWVWW,7SK4EY8
YQ530V4QMY,7Z1KVX2
MG684CDYQL,A61LFTG
SD943E74A0,X2MVXIS
QX118174TB,N32WDUY
FI450JPZCV,MQES8AK
HE967K2P62,5THMZZ9
UC95605J9C,2ZP2SRV
JU321C82FC,XFOQTQ8
ET674G0JJH,KGMDQQC
QW9998X5WK,Q4GT3TN
TK143QJ0LV,A333ENO
UA700ZHN5F,PWYLUST
TR202OHRJ8,STFSGZK
RY8076ADQX,VGLUZU2
ZF254JDBWA,A2MLLUK
HT187TM346,QZDLKKC
AN106VMB9Z,2DRM7RA
FF3610NQ0W,UPNOGKC
BS508XXHRD,TB77WFB
EU290A8ENU,42KK5ZM
ES187TFWQ2,NQ7SVYU
JZ187GWLN4,WLLDTE0
JW592Q3SL6,3N4MOOG
FH43868JVJ,WJRCK01
SU2488GBJT,9DPMC4A
ML469SF2K2,D3KHRLI
PL3630RQA1,OT1YG46
GK022DF4QW,X3QR966
TT307O6LI0,TU2DBGD
CO124ZSD0O,05F08SV
FC438KLT2J,VQA11SA
HP871D4F83,KQWOKA6
ZD552B4JBM,A1WRCUM
OJ2250C54Q,9Y9MDJE
OI8633SWUT,ZMG8YGY
DT520ZOXYB,PFKWZ2V
RG598ASDO7,AK2HFP6
DH031YQ31Y,3DU0CCQ
XW73487FO8,CWMEHHR
WR515MRIQX,ZL9E7NJ
DW699P5QVC,RGW74QS
AJ650FB45L,VSC0NSG
TR723MA1YJ,9K0NGOV
GM908GVWQ5,OJMME67
WM417NWVWW,SVK0P90
YQ530V4QMY,8H89BFU
MG684CDYQL,9VPMQT8
SD943E74A0,AWT9382
QX118174TB,KOPRBKQ
FI450JPZCV,233UKMR
HE967K2P62,U4JHZ6O
UC95605J9C,7NZ7G72
JU321C82FC,NV8C8I1
ET674G0JJH,XLQ9CBH
QW9998X5WK,9WKI0YR
TK143QJ0LV,7XKPT0Q
UA700ZHN5F,MYNGP44
TR202OHRJ8,58DKU8X
RY8076ADQX,CZJ4XZ4
ZF254JDBWA,NVVWIUF
HT187TM346,JACIKFP
AN106VMB9Z,5N7IVF9
FF3610NQ0W,0D8DXNZ
BS508XXHRD,AXDZ7BM
EU290A8ENU,B2DL31V
ES187TFWQ2,3V36P89
JZ187GWLN4,RZPHTP7
JW592Q3SL6,QIK28WM
FH43868JVJ,FNUHRVH
SU2488GBJT,TOAVVNY
ML469SF2K2,I6ITS8G
PL3630RQA1,QH2IJAF
GK022DF4QW,SRFG9D6
TT307O6LI0,FNNJNJ0
CO124ZSD0O,40OPF3D
FC438KLT2J,3YU8IWM
HP871D4F83,AOJ0RDG
ZD552B4JBM,18EDAJL
OJ2250C54Q,16BFA3R
OI8633SWUT,9CV9EK0
DT520ZOXYB,T22RXUH
RG598ASDO7,1Z1M9NK
DH031YQ31Y,LWGNS5S
XW73487FO8,0BOHNAR
WR515MRIQX,T6NDHFV
DW699P5QVC,K7FHPZR
AJ650FB45L,WTKQUVE
TR723MA1YJ,4TNOZA0
GM908GVWQ5,ASDPGQH
WM417NWVWW,ATRH18O
YQ530V4QMY,8IBUM4V
MG684CDYQL,1ZKQJAY
SD943E74A0,3PUVCDA
QX118174TB,L98P75C
FI450JPZCV,69GMZPH
HE967K2P62,TQOWRSR
UC95605J9C,CF6M8F0
JU321C82FC,CNO2V6N
ET674G0JJH,7EUMK4V
QW9998X5WK,VI601GJ
TK143QJ0LV,UKGO1ZT
UA700ZHN5F,T4TTRS9
TR202OHRJ8,AGCJY1E
RY8076ADQX,PCBABEE
ZF254JDBWA,21LL2V6
HT187TM346,X5RZWQZ
AN106VMB9Z,KY4GIB9
FF3610NQ0W,HNWXEX3
BS508XXHRD,G5SMSQW
EU290A8ENU,98D3DFC
ES187TFWQ2,EY1EI88
JZ187GWLN4,XO6QOS2
JW592Q3SL6,5AMIZ86
FH43868JVJ,XTP9P5C
SU2488GBJT,D1J3JZH
ML469SF2K2,UKRXP99
PL3630RQA1,NTPE8VM
GK022DF4QW,61Y1BQD
TT307O6LI0,Q70ERMC
CO124ZSD0O,TOU5510
FC438KLT2J,OLAMSW6
HP871D4F83,OO79H1V
ZD552B4JBM,T0ZTFCT
OJ2250C54Q,L1F92VS
OI8633SWUT,MPK8J3J
DT520ZOXYB,ZYUQ13B
RG598ASDO7,9MD2FHN
DH031YQ31Y,R6ZUKZU
XW73487FO8,RR5TSJB
WR515MRIQX,EFUUDIL
DW699P5QVC,A9J6P9V
AJ650FB45L,S2O2NBJ
TR723MA1YJ,I1VDLBP
GM908GVWQ5,W8OLI8N
WM417NWVWW,PV6ZZBG
YQ530V4QMY,L8UEJLT
MG684CDYQL,SY50QRG
SD943E74A0,D6EF5R2
QX118174TB,80WVN2H
FI450JPZCV,2R5CEQ1
HE967K2P62,I6HASCE
UC95605J9C,CG4PWCR
JU321C82FC,F5EC6S9
ET674G0JJH,S5PYFHU
QW9998X5WK,FC486ZT
TK143QJ0LV,P9B9V12
UA700ZHN5F,PUC5CD4
TR202OHRJ8,NOTQET1
RY8076ADQX,6R9WGUM
ZF254JDBWA,LAJ58SI
HT187TM346,V7Q13C5
AN106VMB9Z,2RJVOZM
FF3610NQ0W,UT4YHY5
BS508XXHRD,9SAJLEY
EU290A8ENU,NVA5EB1
ES187TFWQ2,XEQOG42
JZ187GWLN4,GYVQV1M
JW592Q3SL6,16FD9H2
FH43868JVJ,VYE5OFB
SU2488GBJT,9FA6N3X
ML469SF2K2,2VTE45M
PL3630RQA1,9JHY25Q
GK022DF4QW,67XIA2X
TT307O6LI0,T9FQNYE
CO124ZSD0O,ZPSQ3T1
FC438KLT2J,9CJ2O4U
HP871D4F83,AKSOFLS
ZD552B4JBM,OS6REGC
OJ2250C54Q,2PRGDZC
OI8633SWUT,7H4UX0F
DT520ZOXYB,LQ9FU5D
RG598ASDO7,D9TZZS7
DH031YQ31Y,CKF5V92
XW73487FO8,YAP84E9
WR515MRIQX,PKUNH6O
DW699P5QVC,D1NB7IQ
AJ650FB45L,BFKZNQE
TR723MA1YJ,QNSV072
GM908GVWQ5,G1N31TF
WM417NWVWW,X44E1SS
YQ530V4QMY,4FMT1MG
MG684CDYQL,SXI7GIH
SD943E74A0,UUO28Q2
QX118174TB,ZNPBMYT
FI450JPZCV,1RVV0JG
HE967K2P62,J1FFH8E
UC95605J9C,PIUZ671
JU321C82FC,5OXX9EF
ET674G0JJH,650FOV3
QW9998X5WK,U1G12XK
TK143QJ0LV,7NZWL8Z
UA700ZHN5F,DTBGDCP
TR202OHRJ8,MH9IQVW
RY8076ADQX,706LOH2
ZF254JDBWA,TAW39WP
HT187TM346,584O6PU
AN106VMB9Z,VIO4D1K
FF3610NQ0W,B590MHU
BS508XXHRD,9QNC9XH
EU290A8ENU,CDW215F
ES187TFWQ2,PQYFCCX
JZ187GWLN4,ZF6DB9D
JW592Q3SL6,HP5GAFL
FH43868JVJ,31JJY10
SU2488GBJT,KUVNKQY
ML469SF2K2,KE3EOEN
PL3630RQA1,P6UL25I
GK022DF4QW,ZEJ1BLM
TT307O6LI0,QI7ASQJ
CO124ZSD0O,IYPBGKJ
FC438KLT2J,RBVUSAY
HP871D4F83,EOJMANM
ZD552B4JBM,QTXT0EQ
OJ2250C54Q,TI0YG0S
OI8633SWUT,ZNSC7CP
DT520ZOXYB,686CI6M
RG598ASDO7,0MIDDS8
DH031YQ31Y,9ST80IY
XW73487FO8,IXE7OQS
WR515MRIQX,63ZQXBU
DW699P5QVC,C6KZDTB
AJ650FB45L,LTKXU9M
TR723MA1YJ,UUZRA9N
GM908GVWQ5,VDX0SY6
WM417NWVWW,BK87UQF
YQ530V4QMY,PTQW50W
MG684CDYQL,J7KFFAN
SD943E74A0,OL6LQ28
QX118174TB,5EF7T4E
FI450JPZCV,L1J6OQH
HE967K2P62,NIXATV8
UC95605J9C,GISTO66
JU321C82FC,7G3X5B7
ET674G0JJH,R4P85VL
QW9998X5WK,CYTG0B3
TK143QJ0LV,2BAFKZ7
UA700ZHN5F,1ZI8GXF
TR202OHRJ8,O1FTM22
RY8076ADQX,9ZQGO1Q
ZF254JDBWA,NPSFG3U
HT187TM346,EV4UYNY
AN106VMB9Z,W4HKMV1
FF3610NQ0W,2JAL5QK
BS508XXHRD,OAF6X8A
EU290A8ENU,4YMXXSU
ES187TFWQ2,Z44V2QW
JZ187GWLN4,33PP1D3
JW592Q3SL6,K9039QY
FH43868JVJ,J5LLECQ
SU2488GBJT,7EV3GJ4
ML469SF2K2,YN2LP8G
PL3630RQA1,YG8GZ4X
GK022DF4QW,R721OY0
TT307O6LI0,91SW0E1
CO124ZSD0O,U5DD9WQ
FC438KLT2J,QIZNGJS
HP871D4F83,8KSZC3H
ZD552B4JBM,EQDF3MW
OJ2250C54Q,GXHEHCD
OI8633SWUT,XMDWIKH
DT520ZOXYB,S7RR3EX
RG598ASDO7,J01ZVTR
DH031YQ31Y,W1PNBDL
XW73487FO8,KHAXZG3
WR515MRIQX,RENE586
DW699P5QVC,YCB94KU
AJ650FB45L,I80RF6T
TR723MA1YJ,WLI8EQ1
GM908GVWQ5,840ITUS
WM417NWVWW,2O6PXOR
YQ530V4QMY,IMOKK21
MG684CDYQL,5IOYPXB
SD943E74A0,4EJVTIX
QX118174TB,V7MGIZE
FI450JPZCV,96LXURP
HE967K2P62,BZ7BV64
UC95605J9C,BFSFSXU
JU321C82FC,CH9PL9M
ET674G0JJH,8MX6ZGC
QW9998X5WK,59G8LO3
TK143QJ0LV,MTAZN7V
UA700ZHN5F,X367BX4
TR202OHRJ8,78YU7ON
RY8076ADQX,L6PD8NP
ZF254JDBWA,K7WDEJG
HT187TM346,NZD0DE6
AN106VMB9Z,OH545OD
FF3610NQ0W,Q74EXEH
BS508XXHRD,S9R1PLE
EU290A8ENU,UVA91J0
ES187TFWQ2,ARJ9BTW
JZ187GWLN4,SD7P1M8
JW592Q3SL6,8SOZH2I
FH43868JVJ,GOUUSBE
SU2488GBJT,Z9DE58X
ML469SF2K2,BGW3VPB
PL3630RQA1,ILA68CY
GK022DF4QW,LDZG0RP
TT307O6LI0,SY3GHGZ
CO124ZSD0O,R4XAQV3
FC438KLT2J,D6R4VDS
HP871D4F83,0SIPRLO
ZD552B4JBM,35LY3B0
OJ2250C54Q,QPCPYKL
OI8633SWUT,KK55NVQ
DT520ZOXYB,4D55RE5
RG598ASDO7,3D0ZGAP
DH031YQ31Y,J7DYQL0
XW73487FO8,0F9BB41
WR515MRIQX,L8PVL8M
DW699P5QVC,R4RWMR1
AJ650FB45L,UGLIL78
TR723MA1YJ,1QIJP7A
GM908GVWQ5,WTK0Q58
WM417NWVWW,NHOGRNR
YQ530V4QMY,R7P9DOQ
MG684CDYQL,57AWNYN
SD943E74A0,Z2MGFQT
QX118174TB,H7O2NIU
FI450JPZCV,HY6SY2I
HE967K2P62,17M6M4W
UC95605J9C,ULJQY9R
JU321C82FC,8CRLWO3
ET674G0JJH,KB8XT2N
QW9998X5WK,RUSGL8V
ID789KWZ0Y,UFP6AGO
HW991WJL7F,VNABJC0
DN461YHLB3,4ROE0MY
WD84045RY5,XTRQIKT
YV401RBLIV,IFUCNWN
CM8676IOLV,J1OKT8P
QB1164GSNA,00Q8DQF
HC267PP39I,2JGRNZU
CQ728WN8IA,8D51RID
OZ317B65IR,TYRIUN5
PF066W68EV,NEJOE9K
ZX379Y4EFS,571KNL9
QN363KMOZL,WO6UNOE
SC827Z8CCC,WCOJTKH
ZI907QVAXW,J0IFANM
MX173IQHAK,C9O5LIV
MW8402HQBF,NANU7KA
YB461PZSHO,NTTPGVE
RR7669RZHO,RN68KBE
TF7133BDWI,CM91R8D
SO715NUEBE,2TZIYHS
AE370XJTO6,6NFFOMF
YE8162IPNQ,TKTM50Y
VW9997G749,RVD3YIX
PU903Z0IKE,FBI5B5G
XX934358Z1,44RJJ2B
KI037SUK4W,DM9OYCM
AY956QCMIP,QMUGEWG
EK529QLPZ5,RJQHJT4
HZ97225IIJ,QHCXNKV
NM1680AACN,WK5BUAR
SD292L8LS3,J6F8YIR
IO653QF8SB,QIPE84I
QV284F8GIC,HZ5NE8A
OC585W9D84,DGWMXJ9
LL091ATGMR,F930OAW
UR747UXNUW,XY1WQ6N
EI3293D0FU,2T2SQ7A
VQ561U75SV,819SRC1
TF297QMMMQ,MHU5RYB
TH529NC6LZ,BUQ5A9A
TE151W98P3,7TY7U5A
KZ290PQILX,147EFSQ
YT562ONJJU,DS7KVSN
OC581U5LLW,CDKFOM5
UD35166Y5H,UD4XYY4
EZ701Z5IE4,RXYJT63
XS587R8I53,DLZ1AA4
WT6055IQYF,HC5QSB1
NP409G7T15,OGD0WH6
ZA711UPXQB,HBAL1KF
EQ141CID4D,0QTJY8X
DO240TGBO5,0JJHOQ7
PB0421WBIP,32E0KHW
RE410HA06V,SA2HQYO
TW391QL8EW,0EL15PB
WH2305KAI0,74IL1HQ
QK16402Z38,W8GNNV1
FX536A83P7,H0A1PTH
KU936DJAU1,V75N129
YT94584WKQ,OEAKN59
IB285R9215,ELNTHE2
VW1614J2FC,B85BZNL
LP763E05SL,CH4C93X
TQ54337K6U,RK9BCNS
XA229T67OW,AR6XS1Z
GZ537GBWGF,L0LKTZJ
TW7081YXFC,PRWI0MZ
RT1878LUCT,I4YNLL6
XY147VW105,KPB6R8B
HF058V4OHJ,CLCFGKP
FF786NFBKQ,YK7TBPH
LV045GJH8R,CFLT5TY
SI402Z20YP,L29QOFJ
CN936IN00V,N9DXMNR
CV023K1H0C,NE6G9T0
QK087ASHZR,D8EWSZA
HV510WY4FL,UEB3SSD
PV279IIHEN,Q0CEDY6
ZI902K0R6A,Z7GWQW1
XQ499IH2LJ,Y1CLWE0
VO808TKLJN,Z55PJUQ
JS447S4240,SRGJE56
KT5649IX0K,GFPCHJF
HW8669ZL26,7HB4RBQ
OF8838RXU6,6DG2V6H
HB61332REX,L8GDH98
ET741BRX0E,XIDRCX9
AQ3654OA5T,G2QR6CC
PX7605QFQO,ZRI0EC1
WV659L4OI2,BO2JRD0
WC0434KYW0,QM7V152
OY783V5VB2,KM8HE1Q
GY17140GPM,ZCJ8UNI
NO337M6DEL,1MWVVP6
PC136RG01I,8E4MPSP
LN62733J9V,ZE4DBMU
NY68897M4S,W3TJETR
OW0918ZKFP,FWN8ME5
BW916GA7P8,OJYVM7T
DG117M7VGH,V6R4MUO
XA4282IZJI,PBOFRZN
GM300MOOBK,A4OFLJK
TU742ZI5X9,4AXFS53
QM499YIS2Z,2ENW7I8
HH003HH20Q,6EFYO8X
AY716PAQUF,9UA4EPL
HI3761FZQK,TUZR8CF
MS833OCH3X,XWWDBFY
JW707OFWLP,G1W0U02
DQ958PRZ6A,XRE8ABF
JM823IX0MZ,GIUTHTF
TD103R0KAU,96XTRXB
SW8825VFOO,F4RMS52
DY819J4N02,8HQEG5V
GQ026Q0UJU,BM862FK
XO226L7SPT,PIP9QBB
ZR2952M3EF,IPOUI8O
MU91389WAA,U8CXZLG
JC602Y6DNV,P37D8O9
PI973JI7N2,S9NK169
TY961I7KT0,TA8M2PQ
ZR753IZGAQ,SEFGSAX
GT996UH6O3,DHJ5C4C
HX211RTZ1N,38CAAE6
LP825S8YPF,KCZJNVY
QF725RP85F,W68CMC6
AJ872NTCY9,GENDW7D
RT503J7TTC,X4YS2XG
YO113PZZXJ,Y63ILXL
SV498JNP9L,NH9RFLC
NE275JOINQ,WCCTPTL
JB326U2NS5,27W7WDI
PC749PGY7S,L1S9WSK
BC766JEI7N,TTKQW9S
ID789KWZ0Y,IO8M2OS
HW991WJL7F,691MWQY
DN461YHLB3,DBNLDVJ
WD84045RY5,7AUJLOE
YV401RBLIV,LNUAWS0
CM8676IOLV,K0VKVCM
QB1164GSNA,EE5HWOD
HC267PP39I,XK6B3PG
CQ728WN8IA,WEPPU3L
OZ317B65IR,9FKZK2E
PF066W68EV,OCBNBJ1
ZX379Y4EFS,SL57SVO
QN363KMOZL,PL5Q0YW
SC827Z8CCC,0VQWLN9
ZI907QVAXW,U307NGZ
MX173IQHAK,ETNWNW7
MW8402HQBF,95NSGU9
YB461PZSHO,GJGBCEC
RR7669RZHO,NR48XYR
TF7133BDWI,Z1VNMTK
SO715NUEBE,BPVEU55
AE370XJTO6,F6P94DX
YE8162IPNQ,XCMPUYS
VW9997G749,492RFDB
PU903Z0IKE,3ASGN0H
XX934358Z1,H3DQ7T9
KI037SUK4W,0ZES9BJ
AY956QCMIP,90FZ0JR
EK529QLPZ5,BLQ8V8O
HZ97225IIJ,XFXYYR6
NM1680AACN,SKNG9QP
SD292L8LS3,VB5VQBZ
IO653QF8SB,6IR7GGV
QV284F8GIC,32MOUU1
OC585W9D84,YWCM6I3
LL091ATGMR,CRUDX5H
UR747UXNUW,JBPCGNN
EI3293D0FU,RL5YF70
VQ561U75SV,9G9XC7V
TF297QMMMQ,288N9DX
TH529NC6LZ,2W180FC
TE151W98P3,0UVP949
KZ290PQILX,24XDHTQ
YT562ONJJU,QHB4903
OC581U5LLW,BADL7RB
UD35166Y5H,BA7RGVF
EZ701Z5IE4,S2JLMLP
XS587R8I53,FGDGJX4
WT6055IQYF,ER0X2PI
NP409G7T15,5BDYALM
ZA711UPXQB,6SDAKHU
EQ141CID4D,G246H6E
DO240TGBO5,2X99KDN
PB0421WBIP,W1SFQVD
RE410HA06V,33DR4PI
TW391QL8EW,T9BMRZS
WH2305KAI0,YTCHS7G
QK16402Z38,SZU9U5C
FX536A83P7,CAZSOY4
KU936DJAU1,GOHB8NG
YT94584WKQ,V6OA30N
IB285R9215,48ND9VR
VW1614J2FC,DRL1BU4
LP763E05SL,SYV7HVG
TQ54337K6U,ULZ7RGE
XA229T67OW,UHAVZ08
GZ537GBWGF,DJWN8YU
TW7081YXFC,NDAWHZR
RT1878LUCT,SODYLI9
XY147VW105,T7ZMEM7
HF058V4OHJ,HSRP2ZE
FF786NFBKQ,TRQENEF
LV045GJH8R,8OQDEUG
SI402Z20YP,HQLMQTR
CN936IN00V,4FRE6ZB
CV023K1H0C,CG5RG04
QK087ASHZR,T2PXLLE
HV510WY4FL,PGRN66Z
PV279IIHEN,YEQ7BP9
ZI902K0R6A,7MWQKQL
XQ499IH2LJ,D15ANEO
VO808TKLJN,EOODVKO
JS447S4240,D8DLDXR
KT5649IX0K,HLGTMOF
HW8669ZL26,GYHGIYE
OF8838RXU6,ELVJQ9P
HB61332REX,TS957J0
ET741BRX0E,JIUWQMR
AQ3654OA5T,SOOSTY3
PX7605QFQO,Z8ABS9C
WV659L4OI2,E6X10SH
WC0434KYW0,DXYACM4
OY783V5VB2,4UQ52GO
GY17140GPM,P6UT0D1
NO337M6DEL,HH18XM2
PC136RG01I,IOTTTJ5
LN62733J9V,ZIVFG3K
NY68897M4S,RXF86XP
OW0918ZKFP,G9EDV6K
BW916GA7P8,S9HVGXP
DG117M7VGH,8639YC3
XA4282IZJI,3CDP7UT
GM300MOOBK,06OUFGB
TU742ZI5X9,BHRICY1
QM499YIS2Z,LJCF433
HH003HH20Q,VGG1NMK
AY716PAQUF,5JWB2KW
HI3761FZQK,CUFTTU6
MS833OCH3X,4PWVA1H
JW707OFWLP,AMCQOXS
DQ958PRZ6A,GSLXCE1
JM823IX0MZ,HU7B1C1
TD103R0KAU,XI1QTKE
SW8825VFOO,LX3NBM2
DY819J4N02,GJVHRRT
GQ026Q0UJU,IQQPCY9
XO226L7SPT,M6FCY6S
ZR2952M3EF,DT2538O
MU91389WAA,OAF643V
JC602Y6DNV,82TUKEJ
PI973JI7N2,MVZQGPX
TY961I7KT0,K4XGO8R
ZR753IZGAQ,G7L63RX
GT996UH6O3,DB0CM6Q
HX211RTZ1N,M45Q5UJ
LP825S8YPF,5Y6BEWO
QF725RP85F,0F1CRDC
AJ872NTCY9,0IB13PB
RT503J7TTC,Z1OXWZ0
YO113PZZXJ,N1W6GEY
SV498JNP9L,FCVD5I7
NE275JOINQ,PNNBP3L
JB326U2NS5,DNPSSQW
PC749PGY7S,0DCVJ10
BC766JEI7N,RQMXL01
ID789KWZ0Y,0IW857T
HW991WJL7F,S8AGPHQ
DN461YHLB3,3SQ2S40
WD84045RY5,BCMJKQ0
YV401RBLIV,2603VQK
CM8676IOLV,ZEL4AIP
QB1164GSNA,V0SMC40
HC267PP39I,AG8M7IU
CQ728WN8IA,6R1Z6F1
OZ317B65IR,M91XP35
PF066W68EV,ZHNTSBX
ZX379Y4EFS,FUW6KGW
QN363KMOZL,VMQ666V
SC827Z8CCC,TL2RK5C
ZI907QVAXW,I3U5NGM
MX173IQHAK,RW7B2I3
MW8402HQBF,4GHMEXU
YB461PZSHO,NYFGQMH
RR7669RZHO,VAIXAZF
TF7133BDWI,HPUU65R
SO715NUEBE,LA81NE2
AE370XJTO6,X7GSVVL
YE8162IPNQ,EJMGDD8
VW9997G749,XOU33J3
PU903Z0IKE,28OB3LE
XX934358Z1,JW3F2X8
KI037SUK4W,B7SQNED
AY956QCMIP,90L5R7K
EK529QLPZ5,6ARGDTH
HZ97225IIJ,LZSTS1I
NM1680AACN,CS7D0YX
SD292L8LS3,Z4EASQE
IO653QF8SB,I7RCY0X
QV284F8GIC,YA7TLMX
OC585W9D84,GRYHG8Q
LL091ATGMR,GZSX1AO
UR747UXNUW,WSN208U
EI3293D0FU,OHGEDQS
VQ561U75SV,4BDOHUC
TF297QMMMQ,3QWLTWZ
TH529NC6LZ,YN9FOC1
TE151W98P3,QR4WZD9
KZ290PQILX,PI17JUW
YT562ONJJU,IT2LKVQ
OC581U5LLW,MQZZRR4
UD35166Y5H,B2HG8XM
EZ701Z5IE4,U30PS5G
XS587R8I53,IY9VR2E
WT6055IQYF,1SR4KMA
NP409G7T15,19ZTYTT
ZA711UPXQB,QB7PUEY
EQ141CID4D,ROSEGG8
DO240TGBO5,S8OWSOE
PB0421WBIP,JRVSO8R
RE410HA06V,GN0CZE8
TW391QL8EW,TRH2F9U
WH2305KAI0,QAVIAEZ
QK16402Z38,ZZ9L1PI
FX536A83P7,DMTX6BZ
KU936DJAU1,2EGYICG
YT94584WKQ,FHD38QR
IB285R9215,RQ3SSD8
VW1614J2FC,EZWIPGS
LP763E05SL,SI17ALA
TQ54337K6U,H9ZP82E
XA229T67OW,83HR5QU
GZ537GBWGF,HAP9NK6
TW7081YXFC,FT79ZVS
RT1878LUCT,36K7PGA
XY147VW105,JKEVRB3
HF058V4OHJ,LUBXI4Y
FF786NFBKQ,NWC8JTO
LV045GJH8R,SOVSMI1
SI402Z20YP,61TYF6J
CN936IN00V,QB8YOWJ
CV023K1H0C,4UDHEE0
QK087ASHZR,NEER1C3
HV510WY4FL,M98VB8S
PV279IIHEN,4KLL5HA
ZI902K0R6A,0GV1L88
XQ499IH2LJ,5CAHO8H
VO808TKLJN,GGZSYNN
JS447S4240,YIGBHTZ
KT5649IX0K,5K5DFOO
HW8669ZL26,086AQOV
OF8838RXU6,23OJAUW
HB61332REX,CB15FKY
ET741BRX0E,JQUANB7
AQ3654OA5T,E6OF1V7
PX7605QFQO,DE5ZBX7
WV659L4OI2,HF4LRZM
WC0434KYW0,ZJVCQV4
OY783V5VB2,LAC0T26
GY17140GPM,TXS2Z9F
NO337M6DEL,PMPY1RU
PC136RG01I,2GADGDV
LN62733J9V,44MWZIU
NY68897M4S,4M9VWYV
OW0918ZKFP,ZJT6POP
BW916GA7P8,7WZBJJN
DG117M7VGH,N64I7CY
XA4282IZJI,6RQ3W8B
GM300MOOBK,9SA5GRO
TU742ZI5X9,CQSLZJN
QM499YIS2Z,ZKNHYUQ
HH003HH20Q,5RCFEAN
AY716PAQUF,J5H2S0H
HI3761FZQK,OQ2O30Q
MS833OCH3X,RJI61OR
JW707OFWLP,EMP4W84
DQ958PRZ6A,9C6EBD0
JM823IX0MZ,D7F0RJR
TD103R0KAU,JMUYFQJ
SW8825VFOO,TL5A7W8
DY819J4N02,6J7YG55
GQ026Q0UJU,QYQOGYF
XO226L7SPT,SVJDMK7
ZR2952M3EF,N4QSH2R
MU91389WAA,Q9Y0AYF
JC602Y6DNV,QKOPEWQ
PI973JI7N2,VLVH9OT
TY961I7KT0,1LQVGW4
ZR753IZGAQ,P7OOHL3
GT996UH6O3,9AY3FNP
HX211RTZ1N,HU378CS
LP825S8YPF,6GUU85R
QF725RP85F,YUDE4HT
AJ872NTCY9,UCRFJJT
RT503J7TTC,AV4EIHF
YO113PZZXJ,CRBVZRK
SV498JNP9L,6T44EYH
NE275JOINQ,N63QKZ7
JB326U2NS5,E4ULMGH
PC749PGY7S,WBRM2GL
BC766JEI7N,KUYT1TA
ID789KWZ0Y,SYCFNT1
HW991WJL7F,649I366
DN461YHLB3,8WNCHXV
WD84045RY5,HT14D2Z
YV401RBLIV,UOUB8R9
CM8676IOLV,6FAJYZH
QB1164GSNA,43RIHLN
HC267PP39I,UPBD72J
CQ728WN8IA,13OSX2S
OZ317B65IR,UUFI363
PF066W68EV,0RCV4CG
ZX379Y4EFS,IPN8VB3
QN363KMOZL,IYD5EFN
SC827Z8CCC,Z13AEK2
ZI907QVAXW,1GWJB0J
MX173IQHAK,XDJELYF
MW8402HQBF,M3P97IB
YB461PZSHO,DT6MQKP
RR7669RZHO,826HKE8
TF7133BDWI,QVXSYTY
SO715NUEBE,64IZ3PZ
AE370XJTO6,BQT5FM6
YE8162IPNQ,AFDP2U8
VW9997G749,R9UC5OB
PU903Z0IKE,TZMCA6F
XX934358Z1,X8YD45S
KI037SUK4W,GIIGLL4
AY956QCMIP,CAHNDFI
EK529QLPZ5,IU5EPFN
HZ97225IIJ,LRYYB6S
NM1680AACN,MGHXZDL
SD292L8LS3,RRANUPH
IO653QF8SB,Z6ZUOH8
QV284F8GIC,8IYN8H6
OC585W9D84,4X7DMIK
LL091ATGMR,OP0LPGE
UR747UXNUW,DJ4NIQ4
EI3293D0FU,83WM68X
VQ561U75SV,3OK7UP0
TF297QMMMQ,SVPCUNO
TH529NC6LZ,BF8K8VD
TE151W98P3,TKFGIHP
KZ290PQILX,ZPY1W0I
YT562ONJJU,L0PSSG0
OC581U5LLW,B8UK6WY
UD35166Y5H,M1YSXZR
EZ701Z5IE4,B7XTPAW
XS587R8I53,W8EE68A
WT6055IQYF,7LJX567
NP409G7T15,SXIARWX
ZA711UPXQB,I8J1CUS
EQ141CID4D,E15XCAJ
DO240TGBO5,EELBEJY
PB0421WBIP,39MB50Z
RE410HA06V,CP8C831
TW391QL8EW,HNFURBO
WH2305KAI0,CL68H6V
QK16402Z38,CLRSBNI
FX536A83P7,BOA8A09
KU936DJAU1,SQW4DRM
YT94584WKQ,XRM5BAW
IB285R9215,50O7AT8
VW1614J2FC,YHI5SWJ
LP763E05SL,RCU1UXV
TQ54337K6U,O70O817
XA229T67OW,MPSEAME
GZ537GBWGF,RK4S6HU
TW7081YXFC,AIFFABF
RT1878LUCT,LPQ82HX
XY147VW105,U7BI5I1
HF058V4OHJ,SYALPFN
FF786NFBKQ,6FTQIEQ
LV045GJH8R,TWM02HX
SI402Z20YP,XJ0L3YG
CN936IN00V,BQURN0L
CV023K1H0C,BQ3BH5J
QK087ASHZR,V629OK6
HV510WY4FL,PBH6R46
PV279IIHEN,7AU6RXJ
ZI902K0R6A,9JLHNGU
XQ499IH2LJ,BPG8ZPK
VO808TKLJN,EFRZXAC
JS447S4240,NS3CVEM
KT5649IX0K,PS2QDXJ
HW8669ZL26,CTL4ESP
OF8838RXU6,EY4NWGL
HB61332REX,676FRX3
ET741BRX0E,B7L4CBQ
AQ3654OA5T,DGTL75S
PX7605QFQO,HASGL0P
WV659L4OI2,HBGHRXH
WC0434KYW0,DNXQEEX
OY783V5VB2,L3VSWT2
GY17140GPM,T1X1AYY
NO337M6DEL,77Y3QO6
PC136RG01I,EE2V1BA
LN62733J9V,23OQ3XR
NY68897M4S,XKTG49U
OW0918ZKFP,Z3QDDGC
BW916GA7P8,Z5NJH3Z
DG117M7VGH,995RRCD
XA4282IZJI,VWP3WHC
GM300MOOBK,1RRUXNO
TU742ZI5X9,I70ZX94
QM499YIS2Z,RIH777F
HH003HH20Q,50PF94Z
AY716PAQUF,J7OMT5K
HI3761FZQK,3PI6D8D
MS833OCH3X,0VSFWS7
JW707OFWLP,1JUDV7W
DQ958PRZ6A,0WJHQV9
JM823IX0MZ,309CNLC
TD103R0KAU,GZW69L2
SW8825VFOO,FNPW2PV
DY819J4N02,E21NIMP
GQ026Q0UJU,CDK7QMS
XO226L7SPT,4X8CAL9
ZR2952M3EF,NTP1JDA
MU91389WAA,Y7OXHZ4
JC602Y6DNV,D9LEDU0
PI973JI7N2,L8ONK6W
TY961I7KT0,OHA9444
ZR753IZGAQ,3FDYVZA
GT996UH6O3,4CQ4BGD
HX211RTZ1N,DVPIBKI
LP825S8YPF,30RFZV3
QF725RP85F,6QHDB8M
AJ872NTCY9,JR6RZDR
RT503J7TTC,I2HS7TD
YO113PZZXJ,W2WUWWJ
SV498JNP9L,8RHW4H8
NE275JOINQ,K40XEE8
JB326U2NS5,NTT6QYC
PC749PGY7S,HEPHBLM
BC766JEI7N,5RYHN69
ID789KWZ0Y,15NFY2J
HW991WJL7F,H9IU22E
DN461YHLB3,G24S10F
WD84045RY5,7QSIPEH
YV401RBLIV,3PXAN1Z
CM8676IOLV,YUW6G0P
QB1164GSNA,7TVVZ9M
HC267PP39I,2X1LN60
CQ728WN8IA,TNPVYLW
OZ317B65IR,ULZK6I7
PF066W68EV,QOQ5H66
ZX379Y4EFS,VRMHXNU
QN363KMOZL,YJHA5M4
SC827Z8CCC,F65QH0E
ZI907QVAXW,YWMQMRN
MX173IQHAK,4N72GE1
MW8402HQBF,ZTP3KFY
YB461PZSHO,5ZY6396
RR7669RZHO,4PUNUHU
TF7133BDWI,U3VR6LE
SO715NUEBE,U4GTUEA
AE370XJTO6,M4AM97L
YE8162IPNQ,6J27TSN
VW9997G749,39GY6HE
PU903Z0IKE,29NFIRL
XX934358Z1,JZW5L5M
KI037SUK4W,1HPG7CF
AY956QCMIP,26CS7YB
EK529QLPZ5,AMG6DYZ
HZ97225IIJ,66QAF3F
NM1680AACN,NF1TBO4
SD292L8LS3,BALUPNH
IO653QF8SB,D1YDTHA
QV284F8GIC,NUSC90O
OC585W9D84,XMQ3NYH
LL091ATGMR,KXSZGOU
UR747UXNUW,L59B6V9
EI3293D0FU,V4F4CG2
VQ561U75SV,D9W85YN
TF297QMMMQ,4E0JBBG
TH529NC6LZ,8HO9Y84
TE151W98P3,3DN8NWR
KZ290PQILX,3EGAC49
YT562ONJJU,XTEDSDK
OC581U5LLW,4N1U4T7
UD35166Y5H,109FY7X
EZ701Z5IE4,LTAJ1HB
XS587R8I53,UT7YEMZ
WT6055IQYF,DE20OX0
NP409G7T15,22D7HTO
ZA711UPXQB,23VESH0
EQ141CID4D,DBHQS5L
DO240TGBO5,AD8DAN7
PB0421WBIP,8IV8ZQC
RE410HA06V,CFBRCA7
TW391QL8EW,GKDZNVV
WH2305KAI0,DJ7RAX9
QK16402Z38,NQAD66H
FX536A83P7,DGB2TY4
KU936DJAU1,DXESA6D
YT94584WKQ,64IH2G1
IB285R9215,MX8UQHW
VW1614J2FC,FKTRM45
LP763E05SL,Q8TQ2ON
TQ54337K6U,T4DDPN2
XA229T67OW,BDB5X56
GZ537GBWGF,Q2HVLN6
TW7081YXFC,YRAYYIF
RT1878LUCT,S5OT9E0
XY147VW105,MX27I4T
HF058V4OHJ,OPRFV32
FF786NFBKQ,7KZR222
LV045GJH8R,3N3RX4D
SI402Z20YP,D59SW5A
CN936IN00V,A7X5XCQ
CV023K1H0C,7JNTS7L
QK087ASHZR,VJPEYM1
HV510WY4FL,VBRQXWB
PV279IIHEN,2NZ0C1F
ZI902K0R6A,6CBDB8B
XQ499IH2LJ,WGLBFKF
VO808TKLJN,LKU3LSG
JS447S4240,ZKHJNT4
KT5649IX0K,R50Q2AZ
HW8669ZL26,LYXKNV0
OF8838RXU6,18H512X
HB61332REX,JR3O2MU
ET741BRX0E,3MLVFB1
AQ3654OA5T,53WAMPV
PX7605QFQO,HN6YM08
WV659L4OI2,WEWF1JE
WC0434KYW0,04PLSH3
OY783V5VB2,RQ8AATA
GY17140GPM,VXNR9GJ
NO337M6DEL,SKCF7G6
PC136RG01I,N4Z6K00
LN62733J9V,X3JSB0A
NY68897M4S,RCKLD6P
OW0918ZKFP,1MGJ0QO
BW916GA7P8,KR6RE2R
DG117M7VGH,A7NIAOU
XA4282IZJI,0W2GTLE
GM300MOOBK,EV42YPB
TU742ZI5X9,HJPSUX8
QM499YIS2Z,YL3NGFP
HH003HH20Q,AXCZ7DO
AY716PAQUF,WK6BIEB
HI3761FZQK,PIH9VWP
MS833OCH3X,0ZTQT3C
JW707OFWLP,KL03FS5
DQ958PRZ6A,U3R717R
JM823IX0MZ,UTLWVL5
TD103R0KAU,4Z6E21F
SW8825VFOO,4EZH6A2
DY819J4N02,BY62OLI
GQ026Q0UJU,8US6LD7
XO226L7SPT,V4C8VYE
ZR2952M3EF,HNGVYWY
MU91389WAA,N6HEVC1
JC602Y6DNV,TLDN0UJ
PI973JI7N2,1Y27W4M
TY961I7KT0,B56S0J9
ZR753IZGAQ,VHJ5CYF
GT996UH6O3,ZICK3FX
HX211RTZ1N,ROOUFQ2
LP825S8YPF,K0NH256
QF725RP85F,24DPL6H
AJ872NTCY9,X8G46V9
RT503J7TTC,B5ND809
YO113PZZXJ,B0193AB
SV498JNP9L,2VRVDZN
NE275JOINQ,A6TREZD
JB326U2NS5,MQG43JS
PC749PGY7S,8IEMIJ2
OJ207EOKZ5,7SK4EY8
JY325QPYFD,7Z1KVX2
XH130RVZIT,A61LFTG
AW600MC65S,X2MVXIS
GK081GBX8X,N32WDUY
RP113GJF9L,MQES8AK
IC923OMVOF,5THMZZ9
SX08477TVF,2ZP2SRV
RH693YESOC,XFOQTQ8
TV44071PF5,KGMDQQC
OY859U6V04,Q4GT3TN
MS563MNYLT,A333ENO
OI46282846,PWYLUST
JV8609YKZJ,STFSGZK
YM034X49VU,VGLUZU2
YQ1288BE1G,A2MLLUK
YG121ZNG2Z,QZDLKKC
WX798CPKRO,2DRM7RA
HA028O4CZS,UPNOGKC
NM698GEG30,TB77WFB
KF060MRAID,42KK5ZM
KN184SI08Y,NQ7SVYU
EZ449LMNPD,WLLDTE0
RD629M92VU,3N4MOOG
XK515KLFFZ,WJRCK01
QH7551PKLO,9DPMC4A
VD187U4UFC,D3KHRLI
UT208LC35B,OT1YG46
AO986EPFCW,X3QR966
NG42328OCK,TU2DBGD
FM324H2KZD,05F08SV
AB985HIVJ7,VQA11SA
TY377P83A4,KQWOKA6
ZY874W22EB,A1WRCUM
UF677AXQP8,9Y9MDJE
PC950LY98Z,ZMG8YGY
KS523BWPJ0,PFKWZ2V
WB414FVP5M,AK2HFP6
GC772RAG9H,3DU0CCQ
QU420U41L6,CWMEHHR
MB886QYFWC,ZL9E7NJ
JR280485M3,RGW74QS
VR2467FQDB,VSC0NSG
BI085HY1DV,9K0NGOV
KJ308J1OO9,OJMME67
NG329PNHZ5,SVK0P90
JP611IU170,8H89BFU
DA437GQMFC,9VPMQT8
MA419877Y2,AWT9382
KG59765S6Q,KOPRBKQ
MP042WB494,233UKMR
HQ705DRQUY,U4JHZ6O
CR0809Y2NF,7NZ7G72
QU9472WOSY,NV8C8I1
UF476UZDO0,XLQ9CBH
QD462AGUIT,9WKI0YR
TQ2433W3EC,7XKPT0Q
UB548STMYX,MYNGP44
IZ243JMTEP,58DKU8X
GR772Y3WGH,CZJ4XZ4
IF335HBVI0,NVVWIUF
TW1982TMFW,JACIKFP
EG668F3COV,5N7IVF9
PU4612U9H5,0D8DXNZ
AY2140OWR9,AXDZ7BM
AF960LQSAG,B2DL31V
ZN718T4V1R,3V36P89
DY510DDKB7,RZPHTP7
TQ72605H08,QIK28WM
AI932I346A,FNUHRVH
KN622DF0IK,TOAVVNY
FW718NKY1I,I6ITS8G
NV43922CVX,QH2IJAF
ZX081OUL1D,SRFG9D6
BO708NE4V2,FNNJNJ0
PK949DUF7H,40OPF3D
DU789SIKUG,3YU8IWM
RZ7294V82O,AOJ0RDG
JI926CT1V5,18EDAJL
SZ601TKPS7,16BFA3R
IG872Q28AX,9CV9EK0
CP435JSF2E,T22RXUH
HL758TBFCE,1Z1M9NK
ZJ19650B59,LWGNS5S
OA327MEA45,0BOHNAR
BL312E23QT,T6NDHFV
EL409VUE2D,K7FHPZR
RM254XOIIV,WTKQUVE
ZK1251L3EV,4TNOZA0
QC229A0NS9,ASDPGQH
ET732X616H,ATRH18O
VY298F1ID9,8IBUM4V
EI430CXXDM,1ZKQJAY
PR22974FI5,3PUVCDA
BG9429NSGV,L98P75C
BH136PFV7B,69GMZPH
JT276FNCMJ,TQOWRSR
WG774BAQ8X,CF6M8F0
WT025HCJ4I,CNO2V6N
BD408EYZCK,7EUMK4V
LT5594UO5O,VI601GJ
KS595TR8L5,UKGO1ZT
BR236CG5QO,T4TTRS9
FI860CT1Z6,AGCJY1E
AV697EB66S,PCBABEE
IK179DSAXB,21LL2V6
TI009KD2D9,X5RZWQZ
YP352BG60E,KY4GIB9
IB247QQ8QZ,HNWXEX3
QR832VZJK9,G5SMSQW
SK95395BND,98D3DFC
GE827YDWJE,EY1EI88
KW591ZR3RX,XO6QOS2
XD12990RP0,5AMIZ86
OO6098VKQN,XTP9P5C
MM131TM5B3,D1J3JZH
PT661R3LCR,UKRXP99
TM248O471Y,NTPE8VM
SY053ZBBUE,61Y1BQD
BS922OKJSJ,Q70ERMC
WD379TZ0N5,TOU5510
JW096OXBVM,OLAMSW6
PN996BKJ6Y,OO79H1V
LA865NO6A9,T0ZTFCT
PJ497N59CJ,L1F92VS
TA0120HXBE,MPK8J3J
ZS435MS8ZH,ZYUQ13B
VT679ABIGU,9MD2FHN
HP030OR19E,R6ZUKZU
CB734GIB20,RR5TSJB
VB356HLR7Z,EFUUDIL
VK290TVDHG,A9J6P9V
JG631XWB1H,S2O2NBJ
FP860H00A1,I1VDLBP
QS821JJCE1,W8OLI8N
CM776AOGVX,PV6ZZBG
DT9325EWSW,L8UEJLT
PS149UD1CN,SY50QRG
AM175M9UJW,D6EF5R2
UF071WWB59,80WVN2H
GM43750K6Q,2R5CEQ1
NN262X3IYN,I6HASCE
IG250XXS3N,CG4PWCR
AN414I07VL,F5EC6S9
GU837X4L9U,S5PYFHU
PP183FN15V,FC486ZT
EL054KK8RU,P9B9V12
TP014LJEEM,PUC5CD4
LP2976B5J7,NOTQET1
YK194PJYY7,6R9WGUM
ER7815K69Z,LAJ58SI
JZ342SKBGY,V7Q13C5
OZ6089AG6N,2RJVOZM
FZ428WHN33,UT4YHY5
BK936P05HT,9SAJLEY
FY583D5Y8X,NVA5EB1
BI711M5TDR,XEQOG42
NZ973LTO7B,GYVQV1M
VT549RQ7BI,16FD9H2
PO816HGZOQ,VYE5OFB
CX030IXVZ1,9FA6N3X
AN075DKBZM,2VTE45M
QP263QMUBI,9JHY25Q
LQ578XALJC,67XIA2X
MN894CXM46,T9FQNYE
RB690W87DN,ZPSQ3T1
PS960YEOTB,9CJ2O4U
JB808FRU9X,AKSOFLS
QZ5898QUR7,OS6REGC
UR728PPYUZ,2PRGDZC
FX81681BN1,7H4UX0F
UH90619PQD,LQ9FU5D
NF042KRVZL,D9TZZS7
CC4785WBI0,CKF5V92
ID719JF9B0,YAP84E9
PI202F89D6,PKUNH6O
DX238KUWW5,D1NB7IQ
XT199304U4,BFKZNQE
SA797JRWXS,QNSV072
GX715POTF4,G1N31TF
GL572T0HGJ,X44E1SS
YD054S2GFV,4FMT1MG
OX270GCE71,SXI7GIH
GP9907EQ8U,UUO28Q2
XI879BG7YI,ZNPBMYT
BW618106RR,1RVV0JG
QJ387KAHHB,J1FFH8E
EC4336NRPQ,PIUZ671
FM401930BN,5OXX9EF
NF314KPQ12,650FOV3
US721M3LT8,U1G12XK
CX275QY0QX,7NZWL8Z
PL995L18LB,DTBGDCP
BT231IN877,MH9IQVW
HS5381HM22,706LOH2
TP13187GQE,TAW39WP
QH132YC4BX,584O6PU
WI804WE5OM,VIO4D1K
QI523M9M2B,B590MHU
UO07513EPH,9QNC9XH
GW204HFDO6,CDW215F
IA219KR75X,PQYFCCX
VD584RM90I,ZF6DB9D
OW702HB8PW,HP5GAFL
PP87254TXD,31JJY10
UF681XB4D0,KUVNKQY
WY385H4GSD,KE3EOEN
EI619X37DL,P6UL25I
QO014JZQ24,ZEJ1BLM
AC091O0SOM,QI7ASQJ
EN711GGO8D,IYPBGKJ
AW905XWF1Y,RBVUSAY
BH539U2GQC,EOJMANM
VN307Z2ZWB,QTXT0EQ
BD654KWZ3Z,TI0YG0S
GX981FXMAE,ZNSC7CP
LR574LC6FK,686CI6M
HJ448704FM,0MIDDS8
FM315DJOHR,9ST80IY
MD273V75IO,IXE7OQS
ZC15446R53,63ZQXBU
YE031UCW5J,C6KZDTB
WJ669K1MDA,LTKXU9M
NA93360UHT,UUZRA9N
PG8916X5K9,VDX0SY6
JK3937Y0QB,BK87UQF
ZD804YLNJE,PTQW50W
OS510M8K56,J7KFFAN
WX873IVO7E,OL6LQ28
EL8900S73C,5EF7T4E
DO758WEJEM,L1J6OQH
BQ964S5UWR,NIXATV8
EI463O033G,GISTO66
GA5824WNKK,7G3X5B7
RZ1151QRUF,R4P85VL
CB387QZ8MT,CYTG0B3
DD70910565,2BAFKZ7
QU508MKIZJ,1ZI8GXF
TJ9003SJLU,O1FTM22
AH064ATI66,9ZQGO1Q
QI205Y2XDK,NPSFG3U
OJ387RLUVO,EV4UYNY
IO303YJ329,W4HKMV1
YP648U9R0J,2JAL5QK
KP386FEVN5,OAF6X8A
KA594ASP0X,4YMXXSU
JH869Q8KTZ,Z44V2QW
IM353PKCWU,33PP1D3
DL7762WU2J,K9039QY
BM9260GE9D,J5LLECQ
VU294KZQM3,7EV3GJ4
AG398GWHY2,YN2LP8G
QD806P4B5D,YG8GZ4X
TD129W2AQJ,R721OY0
SR542NQW77,91SW0E1
JI321DSQ1B,U5DD9WQ
CO631TAWCJ,QIZNGJS
EE77441WW9,8KSZC3H
KN433WXIZF,EQDF3MW
YI046LK3CB,GXHEHCD
FV097D7UPD,XMDWIKH
TA0060LOFN,S7RR3EX
CX033SBXV0,J01ZVTR
BL075Y0P1Q,W1PNBDL
BC4999MZFQ,KHAXZG3
XQ516BVGGF,RENE586
KR962A32VM,YCB94KU
JC744QB50M,I80RF6T
CZ7160S0T6,WLI8EQ1
ZV253TKUQL,840ITUS
YN3128951O,2O6PXOR
BF814IPBD4,IMOKK21
IM673O8GCG,5IOYPXB
ZN125D2UFH,4EJVTIX
JK241RWBDA,V7MGIZE
QR668KTFSX,96LXURP
UF533H1980,BZ7BV64
BQ038S5H77,BFSFSXU
NK089DDXPQ,CH9PL9M
EC6958ACU4,8MX6ZGC
AS2197KIK6,59G8LO3
LP256KDIBM,MTAZN7V
GH32286JQ0,X367BX4
IW774P8K5D,78YU7ON
AW908EA5R4,L6PD8NP
ZY590D0QAT,K7WDEJG
GS70973PH0,NZD0DE6
MM271Y5GXT,OH545OD
TE836EBEWV,Q74EXEH
VQ74404O6H,S9R1PLE
IG5957UMAK,UVA91J0
OK073MUNTI,ARJ9BTW
BZ642Q7U8D,SD7P1M8
OU715PS344,8SOZH2I
YT043F5FP8,GOUUSBE
VJ367QQDUB,Z9DE58X
RS940MPGEH,BGW3VPB
VE7974JFQV,ILA68CY
UI371REXOK,LDZG0RP
KD550E6E2P,SY3GHGZ
RB6076DGRI,R4XAQV3
FY432FTU36,D6R4VDS
OU502P7HYB,0SIPRLO
VJ555O59KF,35LY3B0
FR2251OXWL,QPCPYKL
LK6651GSBM,KK55NVQ
SL203W180F,4D55RE5
WY25590GMY,3D0ZGAP
VK6496KC2R,J7DYQL0
EA802RX3B0,0F9BB41
DV34869NW6,L8PVL8M
AH8865VPF4,R4RWMR1
IZ985U6ZC6,UGLIL78
VT862DR25W,1QIJP7A
OX464U1JUZ,WTK0Q58
VN295CXVW4,NHOGRNR
OM508MNHJD,R7P9DOQ
RU143JD52O,57AWNYN
WS631YZ6EH,Z2MGFQT
CH7354DXUO,H7O2NIU
GL80717YV6,HY6SY2I
HQ863X84JC,17M6M4W
MM987BFU41,ULJQY9R
US3611SKVF,8CRLWO3
RY3409SHSK,KB8XT2N
IQ958ONN1T,RUSGL8V
CX619ZK6WV,UFP6AGO
NU042XWKL4,VNABJC0
QQ1935SI9F,4ROE0MY
CL436MX5U0,XTRQIKT
VM58319TT3,IFUCNWN
XV427SSRVE,J1OKT8P
TB088XW8FC,00Q8DQF
EQ88324R8N,2JGRNZU
PS545JDCMD,8D51RID
CN1005NV93,TYRIUN5
UW902HE0K7,NEJOE9K
WH311KFIVS,571KNL9
WB889Q2B95,WO6UNOE
OO003COAA5,WCOJTKH
SA402T7VS4,J0IFANM
WG3617Z24J,C9O5LIV
FB306EJNAD,NANU7KA
UW002QL210,NTTPGVE
FS786DXL46,RN68KBE
BM789PLFY5,CM91R8D
KG009VE7G8,2TZIYHS
SY632FF403,6NFFOMF
XE227L5KDV,TKTM50Y
WX160LDL88,RVD3YIX
FV674N0IQT,FBI5B5G
IP361B5XBY,44RJJ2B
KO762443K9,DM9OYCM
UA45970NV1,QMUGEWG
SP209ZX4IE,RJQHJT4
MJ09587YEL,QHCXNKV
HR244AM1G3,WK5BUAR
SX546Y48I2,J6F8YIR
YP634F51GI,QIPE84I
TW7393S8X1,HZ5NE8A
DY254Q45HZ,DGWMXJ9
VE623Q58GS,F930OAW
YN969Q4UDY,XY1WQ6N
AM08620LRG,2T2SQ7A
MQ220M8SNE,819SRC1
TD459DOY8B,MHU5RYB
HQ790E8FNG,BUQ5A9A
NG602KWJ16,7TY7U5A
EK518EDRB7,147EFSQ
QX9459HLAO,DS7KVSN
WI696XIT2P,CDKFOM5
HZ180HP5LU,UD4XYY4
FW972V3U2B,RXYJT63
KF569KK1KH,DLZ1AA4
VE81887FOJ,HC5QSB1
DG5425MKKH,OGD0WH6
VA5438M3AI,HBAL1KF
PS669FHLGZ,0QTJY8X
FO414C6HRS,0JJHOQ7
EL142TRNPG,32E0KHW
XJ235077N7,SA2HQYO
TY680DGHAB,0EL15PB
NL071OMSF7,74IL1HQ
TC523SFD4A,W8GNNV1
YI656ESDO9,H0A1PTH
WJ2461W0YO,V75N129
JB90651XQY,OEAKN59
BL578LKNYR,ELNTHE2
UB629V1NLY,B85BZNL
FE193JLWYM,CH4C93X
PT54374P4Y,RK9BCNS
JG094N8EUU,AR6XS1Z
HU542C17MS,L0LKTZJ
AB73895I64,PRWI0MZ
SJ960KRH68,I4YNLL6
FL7892A8WU,KPB6R8B
MQ5138P9JE,CLCFGKP
SK495QDEF7,YK7TBPH
MC848DVRAC,CFLT5TY
HG188X9WTP,L29QOFJ
GG527LJPFA,N9DXMNR
JU435PSSR4,NE6G9T0
JP625WO1D5,D8EWSZA
FY29114G54,UEB3SSD
GQ0182Q87S,Q0CEDY6
SU3558QGPO,Z7GWQW1
HZ757T2TCN,Y1CLWE0
VN985RSJVF,Z55PJUQ
ZK00778SBK,SRGJE56
XA482JNDI3,GFPCHJF
NF493JJDO0,7HB4RBQ
EL279VQTFK,6DG2V6H
TQ319TE6GU,L8GDH98
EZ442HE9UM,XIDRCX9
AC381Q8REA,G2QR6CC
VQ1029TZCI,ZRI0EC1
UR511G83QI,BO2JRD0
EB288Z7J2M,QM7V152
LK6957FO42,KM8HE1Q
MX502D3POD,ZCJ8UNI
SU101CZK36,1MWVVP6
TV628684XG,8E4MPSP
JG840002IE,ZE4DBMU
MP909OLJNF,W3TJETR
EI287MG4S8,FWN8ME5
UC482CSJ8Q,OJYVM7T
XB413E4QSQ,V6R4MUO
DO250ZIK00,PBOFRZN
OK526CQMT6,A4OFLJK
MB819X33DM,4AXFS53
TU504FBMM1,2ENW7I8
QO7961VBFX,6EFYO8X
HH940L28SB,9UA4EPL
TG928BOPDN,TUZR8CF
RB586P0NHF,XWWDBFY
TH650V6L2M,G1W0U02
XS495YDGTJ,XRE8ABF
ZY616ZLPUD,GIUTHTF
KX35997H20,96XTRXB
LK173VJABR,F4RMS52
SO3456BMTK,8HQEG5V
PL749R3Q59,BM862FK
PI940KSQGV,PIP9QBB
XU314SQS2N,IPOUI8O
KV783HKVL1,U8CXZLG
MB265TG3TZ,P37D8O9
BO215RSHQH,S9NK169
TK287OGN0N,TA8M2PQ
RZ305HZ7MF,SEFGSAX
TM059S57PL,DHJ5C4C
TA689TZ6KA,38CAAE6
SC379WNJV9,KCZJNVY
KS7203O5FQ,W68CMC6
VU116Y29OV,GENDW7D
GM494SWYU3,X4YS2XG
VG587W9FOP,Y63ILXL
NR793GZO6I,NH9RFLC
JG008WQ387,WCCTPTL
VZ1996E0GD,27W7WDI
YR182BAD8K,L1S9WSK
BT699AD1NH,TTKQW9S
UP2406ZMEN,IO8M2OS
MB0386PW2E,691MWQY
TU621AW14Z,DBNLDVJ
YP544SGI4R,7AUJLOE
ZI6381NTI0,LNUAWS0
WR387R1549,K0VKVCM
KS316GB9Q5,EE5HWOD
IV9867FOFL,XK6B3PG
LK200YNARP,WEPPU3L
JV743J9UB8,9FKZK2E
OY6914IQRA,OCBNBJ1
TM310NLOEC,SL57SVO
YR1830VTVO,PL5Q0YW
NW102L3EGS,0VQWLN9
US257RBOKE,U307NGZ
JD9016ZR1X,ETNWNW7
KF121K2W62,95NSGU9
ZF0692P634,GJGBCEC
ZH100VE34H,NR48XYR
XN277QWSN1,Z1VNMTK
OF2251O41F,BPVEU55
TU224LK52D,F6P94DX
YZ199PN36I,XCMPUYS
RZ421M43G2,492RFDB
JL802H2T91,3ASGN0H
HR610SUP3Q,H3DQ7T9
YN738JO22I,0ZES9BJ
LK903ZTK5X,90FZ0JR
DD74593AE5,BLQ8V8O
TH493GHGWA,XFXYYR6
HO998E5XRR,SKNG9QP
CT934I4I4H,VB5VQBZ
TK654VQ8L1,6IR7GGV
PJ535XF918,32MOUU1
CS887UETEQ,YWCM6I3
RY9553B0ST,CRUDX5H
CK180R4K7D,JBPCGNN
QM574GWKS5,RL5YF70
EL499VZB0F,9G9XC7V
YJ61319RXI,288N9DX
GV97437BN3,2W180FC
TJ176F7U78,0UVP949
XA07357FSI,24XDHTQ
ST669TDO8M,QHB4903
EC088ZIUQZ,BADL7RB
XK239UAZSF,BA7RGVF
PD432TIJ6Q,S2JLMLP
MQ022HONQZ,FGDGJX4
OX35333YBU,ER0X2PI
GZ885027HG,5BDYALM
QN708B9KAZ,6SDAKHU
IM8783MMZN,G246H6E
QD544F9CHQ,2X99KDN
NG183QGTSY,W1SFQVD
EP308WXBJI,33DR4PI
HM337L1SKX,T9BMRZS
WL637VGFFF,YTCHS7G
UE8098H9QR,SZU9U5C
JE576200D9,CAZSOY4
RJ985IPO98,GOHB8NG
EO0793VLNY,V6OA30N
PK814M2DMK,48ND9VR
UN58065IAM,DRL1BU4
RM342UD0AL,SYV7HVG
UC418171AS,ULZ7RGE
US593PQ3KL,UHAVZ08
TI9400MHMP,DJWN8YU
AO738GMKKX,NDAWHZR
JT466UCBDH,SODYLI9
HB941XJFU3,T7ZMEM7
WB974C1WWD,HSRP2ZE
VA6915U03C,TRQENEF
ZJ824EQ6ZV,8OQDEUG
FK409YYNWZ,HQLMQTR
CB1157KTS5,4FRE6ZB
EE159Y7P41,CG5RG04
KP358YKFKE,T2PXLLE
NK5261Y8XG,PGRN66Z
JU683NUHDE,YEQ7BP9
DA594AJTHH,7MWQKQL
BJ542U20MJ,D15ANEO
JO3029MMBP,EOODVKO
SL3107H1HU,D8DLDXR
OF021YHE8M,HLGTMOF
GI289H3HHS,GYHGIYE
FT968NY6Q5,ELVJQ9P
CC3282PJ8C,TS957J0
MP7651RNGA,JIUWQMR
RM9813MX8A,SOOSTY3
XA622793LV,Z8ABS9C
YD411C0QZJ,E6X10SH
EA490FXMQW,DXYACM4
TM565RE3Z3,4UQ52GO
YX465JV410,P6UT0D1
YK057JIW4L,HH18XM2
NL614QXALC,IOTTTJ5
TF9838QZ4M,ZIVFG3K
DJ393AHH6O,RXF86XP
SE854AAT2Q,G9EDV6K
IM494SI9SE,S9HVGXP
SU1235LCPV,8639YC3
QE8675LG7K,3CDP7UT
OM170ENMOP,06OUFGB
QE6923CVUI,BHRICY1
XO7325RBKY,LJCF433
YA054U4CTT,VGG1NMK
DI839P6YVR,5JWB2KW
WO3433NPHU,CUFTTU6
RD502F4FW4,4PWVA1H
UV7291XGEN,AMCQOXS
ZQ9821IYV1,GSLXCE1
GY352C4BO2,HU7B1C1
HI495FCT6Z,XI1QTKE
OJ371PAWQ1,LX3NBM2
CY459W7E51,GJVHRRT
SY776SIVPR,IQQPCY9
EL100G6XUG,M6FCY6S
RP221UCI7W,DT2538O
AF498I6P0W,OAF643V
KZ451KR8GT,82TUKEJ
BB730NKJY7,MVZQGPX
BO982G797K,K4XGO8R
PZ572EN4F7,G7L63RX
ZF470T0OGG,DB0CM6Q
PH106NHXIN,M45Q5UJ
BY597ALN3B,5Y6BEWO
JK1303D8NN,0F1CRDC
EJ321I38CH,0IB13PB
TB356JGE4G,Z1OXWZ0
BN982DK9AM,N1W6GEY
UO6318TJM0,FCVD5I7
DT8241NCB2,PNNBP3L
YE062YRX3I,DNPSSQW
HI855HLAAA,0DCVJ10
LN0488KDPB,RQMXL01
BR051SUCYA,0IW857T
BX639XZTTT,S8AGPHQ
CN637JCP4H,3SQ2S40
LE05519F6X,BCMJKQ0
PO895YGKTE,2603VQK
BA484G459D,ZEL4AIP
PR5449X4IR,V0SMC40
YE484MRVH0,AG8M7IU
CA694WYJ7U,6R1Z6F1
OY742FR61T,M91XP35
LK321Y2AJW,ZHNTSBX
LC6505LQKJ,FUW6KGW
SF9896BRXC,VMQ666V
FW171NRXET,TL2RK5C
EA878JXFIP,I3U5NGM
IR404AJOZB,RW7B2I3
FL335ZJ1LQ,4GHMEXU
HF778JO8JF,NYFGQMH
DX0676WZ5T,VAIXAZF
GB4422VFTO,HPUU65R
QR436JJNUR,LA81NE2
QS965ZTV0G,X7GSVVL
CW790V1M15,EJMGDD8
ZQ694L5SWD,XOU33J3
AR253E056D,28OB3LE
ZK3118WXL8,JW3F2X8
AR1914JWA5,B7SQNED
KR5020J1VW,90L5R7K
YH022QCYFE,6ARGDTH
JT522U2P9N,LZSTS1I
ZX130LGISK,CS7D0YX
GT582WN3GL,Z4EASQE
HE320CYVPK,I7RCY0X
FM1009KIK8,YA7TLMX
RL607HDG1D,GRYHG8Q
OU285FG9RE,GZSX1AO
AK501PAZYR,WSN208U
DH355L144W,OHGEDQS
GK987TU64C,4BDOHUC
PW332Y16WY,3QWLTWZ
IN578ABJFM,YN9FOC1
PV051K45J9,QR4WZD9
RX929PLZ1N,PI17JUW
LY064SNEQE,IT2LKVQ
NZ156ZYWB3,MQZZRR4
FL4975R59Z,B2HG8XM
PF742TTTKI,U30PS5G
XI162W93KB,IY9VR2E
TK716P00YP,1SR4KMA
PY508SDYB1,19ZTYTT
PI408JNEOG,QB7PUEY
FT9085QDQK,ROSEGG8
WF452QCWIJ,S8OWSOE
UH8702QMJ4,JRVSO8R
AG349C8ZJL,GN0CZE8
GC519WC7YZ,TRH2F9U
BN183RD6U8,QAVIAEZ
PB386OMJV5,ZZ9L1PI
MZ417R2LS2,DMTX6BZ
HQ181P78IW,2EGYICG
KK1350FNQR,FHD38QR
AE5397GHVZ,RQ3SSD8
AG194ESJ0F,EZWIPGS
TS567IRLKQ,SI17ALA
JO861OESOJ,H9ZP82E
YT988DL97J,83HR5QU
DT0634CT4T,HAP9NK6
AS504BHEHD,FT79ZVS
LC830NEXZB,36K7PGA
IU915TMHTY,JKEVRB3
WI4730TMHZ,LUBXI4Y
KP630UPEMQ,NWC8JTO
PS196ZNHZX,SOVSMI1
KM3392U3KO,61TYF6J
PM430S7NIY,QB8YOWJ
DY9273OWG1,4UDHEE0
IO9061EENN,NEER1C3
VD5741S61L,M98VB8S
