ItemNumber,ItemDescription,ItemType
UL669134MZ,unavailable,Finished Good
IZ767GIG18,Eunectes sp.,Finished Good
XX842ECD1B,Eumetopias jubatus,Finished Good
MZ441ELE73,Ardea golieth,Finished Good
VG5951YMIZ,Phalacrocorax carbo,Finished Good
ItemNumber,ItemDescription,Finished Good
GN1077TGK9,Boa constrictor mexicana,Sub Assembly
NL479YC3PM,Macropus agilis,Sub Assembly
IX83928QKZ,Genetta genetta,Sub Assembly
MU581HY914,Cereopsis novaehollandiae,Sub Assembly
ZT17074KDS,Neophron percnopterus,Sub Assembly
HI221W99HA,Manouria emys,Sub Assembly
TW138D0O1G,Toxostoma curvirostre,Sub Assembly
AN397S5RSI,Phalaropus fulicarius,Sub Assembly
QV741IG248,Haliaetus vocifer,Sub Assembly
IN009KUD12,Francolinus swainsonii,Sub Assembly
GV32235T5I,Helogale undulata,Sub Assembly
UJ1902SZ74,Sula nebouxii,Sub Assembly
AT0971JPEB,Ramphastos tucanus,Sub Assembly
ZO213ADVAL,Eubalaena australis,Sub Assembly
FU119WGN5I,Cynictis penicillata,Sub Assembly
UA700ZHN5F,Buteo regalis,Sub Assembly
TR202OHRJ8,Zosterops pallidus,Sub Assembly
RY8076ADQX,Laniarius ferrugineus,Sub Assembly
ZF254JDBWA,Papio cynocephalus,Sub Assembly
HT187TM346,Melophus lathami,Sub Assembly
AN106VMB9Z,Meleagris gallopavo,Sub Assembly
FF3610NQ0W,Actophilornis africanus,Sub Assembly
BS508XXHRD,Spermophilus richardsonii,Sub Assembly
EU290A8ENU,Ovis ammon,Sub Assembly
ES187TFWQ2,Tursiops truncatus,Sub Assembly
JZ187GWLN4,Terrapene carolina,Sub Assembly
JW592Q3SL6,Capreolus capreolus,Sub Assembly
FH43868JVJ,Phasianus colchicus,Sub Assembly
SU2488GBJT,Ursus arctos,Sub Assembly
ML469SF2K2,Halcyon smyrnesis,Sub Assembly
PL3630RQA1,Tachybaptus ruficollis,Sub Assembly
GK022DF4QW,Lasiodora parahybana,Sub Assembly
TT307O6LI0,Certotrichas paena,Sub Assembly
CO124ZSD0O,Spilogale gracilis,Sub Assembly
FC438KLT2J,Pterocles gutturalis,Sub Assembly
HP871D4F83,Callipepla gambelii,Sub Assembly
ZD552B4JBM,Coluber constrictor foxii,Sub Assembly
OJ2250C54Q,Dromaeus novaehollandiae,Sub Assembly
OI8633SWUT,Coendou prehensilis,Sub Assembly
DT520ZOXYB,Macropus eugenii,Sub Assembly
RG598ASDO7,Trachyphonus vaillantii,Sub Assembly
DH031YQ31Y,Junonia genoveua,Sub Assembly
XW73487FO8,Bubo virginianus,Sub Assembly
WR515MRIQX,Fregata magnificans,Sub Assembly
DW699P5QVC,Pelecans onocratalus,Sub Assembly
AJ650FB45L,Alcelaphus buselaphus caama,Sub Assembly
TR723MA1YJ,Platalea leucordia,Sub Assembly
GM908GVWQ5,Choloepus hoffmani,Sub Assembly
WM417NWVWW,Vombatus ursinus,Sub Assembly
YQ530V4QMY,Terrapene carolina,Sub Assembly
MG684CDYQL,Papio ursinus,Sub Assembly
SD943E74A0,Castor canadensis,Sub Assembly
QX118174TB,Dusicyon thous,Sub Assembly
FI450JPZCV,Macropus eugenii,Sub Assembly
HE967K2P62,Felis wiedi or Leopardus weidi,Sub Assembly
UC95605J9C,Macropus robustus,Sub Assembly
JU321C82FC,Pycnonotus barbatus,Sub Assembly
ET674G0JJH,Casmerodius albus,Sub Assembly
QW9998X5WK,Myotis lucifugus,Sub Assembly
TK143QJ0LV,Trachyphonus vaillantii,Sub Assembly
ID789KWZ0Y,Anthropoides paradisea,Sub Assembly
HW991WJL7F,Phasianus colchicus,Sub Assembly
DN461YHLB3,Myotis lucifugus,Sub Assembly
WD84045RY5,Pavo cristatus,Sub Assembly
YV401RBLIV,Naja nivea,Sub Assembly
CM8676IOLV,Sylvicapra grimma,Sub Assembly
QB1164GSNA,unavailable,Sub Assembly
HC267PP39I,Caiman crocodilus,Sub Assembly
CQ728WN8IA,Paraxerus cepapi,Sub Assembly
OZ317B65IR,Lemur fulvus,Sub Assembly
PF066W68EV,Ursus americanus,Sub Assembly
ZX379Y4EFS,Libellula quadrimaculata,Sub Assembly
QN363KMOZL,Cebus nigrivittatus,Sub Assembly
SC827Z8CCC,Ctenophorus ornatus,Sub Assembly
ZI907QVAXW,Stenella coeruleoalba,Sub Assembly
MX173IQHAK,Anitibyx armatus,Sub Assembly
MW8402HQBF,Tayassu tajacu,Sub Assembly
YB461PZSHO,Gekko gecko,Sub Assembly
RR7669RZHO,Carduelis uropygialis,Sub Assembly
TF7133BDWI,Hippotragus niger,Sub Assembly
SO715NUEBE,Catharacta skua,Sub Assembly
AE370XJTO6,Haematopus ater,Sub Assembly
YE8162IPNQ,Passer domesticus,Sub Assembly
VW9997G749,Pseudoleistes virescens,Sub Assembly
PU903Z0IKE,Naja haje,Sub Assembly
XX934358Z1,Axis axis,Sub Assembly
KI037SUK4W,Lycosa godeffroyi,Sub Assembly
AY956QCMIP,Cervus canadensis,Sub Assembly
EK529QLPZ5,Iguana iguana,Sub Assembly
HZ97225IIJ,Myrmecophaga tridactyla,Sub Assembly
NM1680AACN,Anas bahamensis,Sub Assembly
SD292L8LS3,Meleagris gallopavo,Sub Assembly
IO653QF8SB,Felis caracal,Sub Assembly
QV284F8GIC,Psophia viridis,Sub Assembly
OC585W9D84,Eumetopias jubatus,Sub Assembly
LL091ATGMR,Trichosurus vulpecula,Sub Assembly
UR747UXNUW,Streptopelia senegalensis,Sub Assembly
EI3293D0FU,Lasiorhinus latifrons,Sub Assembly
VQ561U75SV,Libellula quadrimaculata,Sub Assembly
TF297QMMMQ,Canis lupus,Sub Assembly
TH529NC6LZ,Anas bahamensis,Sub Assembly
TE151W98P3,Crax sp.,Sub Assembly
KZ290PQILX,Haliaeetus leucocephalus,Sub Assembly
YT562ONJJU,Corythornis cristata,Sub Assembly
OC581U5LLW,Otaria flavescens,Sub Assembly
UD35166Y5H,Lepus townsendii,Sub Assembly
EZ701Z5IE4,Plocepasser mahali,Sub Assembly
XS587R8I53,Taxidea taxus,Sub Assembly
WT6055IQYF,Equus hemionus,Sub Assembly
NP409G7T15,Dipodomys deserti,Sub Assembly
ZA711UPXQB,Drymarchon corias couperi,Sub Assembly
EQ141CID4D,Chlidonias leucopterus,Sub Assembly
DO240TGBO5,Kobus defassa,Sub Assembly
PB0421WBIP,Francolinus coqui,Sub Assembly
RE410HA06V,Columba palumbus,Sub Assembly
TW391QL8EW,Charadrius tricollaris,Sub Assembly
WH2305KAI0,Columba palumbus,Sub Assembly
QK16402Z38,Neotis denhami,Sub Assembly
FX536A83P7,Bassariscus astutus,Sub Assembly
KU936DJAU1,Snycerus caffer,Sub Assembly
YT94584WKQ,Cacatua tenuirostris,Sub Assembly
IB285R9215,Tachyglossus aculeatus,Sub Assembly
VW1614J2FC,Bettongia penicillata,Sub Assembly
LP763E05SL,Varanus komodensis,Sub Assembly
TQ54337K6U,Petaurus breviceps,Sub Assembly
XA229T67OW,Papio cynocephalus,Sub Assembly
GZ537GBWGF,Lamprotornis superbus,Sub Assembly
TW7081YXFC,Lasiodora parahybana,Sub Assembly
RT1878LUCT,Nasua narica,Sub Assembly
XY147VW105,Bettongia penicillata,Sub Assembly
HF058V4OHJ,Alopochen aegyptiacus,Sub Assembly
FF786NFBKQ,Alouatta seniculus,Sub Assembly
LV045GJH8R,Tyto novaehollandiae,Sub Assembly
SI402Z20YP,Acrantophis madagascariensis,Sub Assembly
CN936IN00V,Tachybaptus ruficollis,Sub Assembly
CV023K1H0C,Corvus brachyrhynchos,Sub Assembly
QK087ASHZR,Cereopsis novaehollandiae,Sub Assembly
HV510WY4FL,Alligator mississippiensis,Sub Assembly
PV279IIHEN,Bugeranus caruncalatus,Sub Assembly
ZI902K0R6A,Dasypus novemcinctus,Sub Assembly
XQ499IH2LJ,Nyctereutes procyonoides,Sub Assembly
VO808TKLJN,Ploceus intermedius,Sub Assembly
JS447S4240,Merops nubicus,Sub Assembly
KT5649IX0K,Melanerpes erythrocephalus,Sub Assembly
HW8669ZL26,Tiliqua scincoides,Sub Assembly
OF8838RXU6,Gopherus agassizii,Sub Assembly
HB61332REX,Terathopius ecaudatus,Sub Assembly
ET741BRX0E,Connochaetus taurinus,Sub Assembly
AQ3654OA5T,Anthropoides paradisea,Sub Assembly
PX7605QFQO,Sarkidornis melanotos,Sub Assembly
WV659L4OI2,Acrobates pygmaeus,Sub Assembly
WC0434KYW0,Gymnorhina tibicen,Sub Assembly
OY783V5VB2,Gymnorhina tibicen,Sub Assembly
GY17140GPM,Sarkidornis melanotos,Sub Assembly
NO337M6DEL,Acinynox jubatus,Sub Assembly
PC136RG01I,Acrobates pygmaeus,Sub Assembly
LN62733J9V,Chelodina longicollis,Sub Assembly
NY68897M4S,Hippotragus niger,Sub Assembly
OW0918ZKFP,Cyrtodactylus louisiadensis,Sub Assembly
BW916GA7P8,Paraxerus cepapi,Sub Assembly
DG117M7VGH,Felis concolor,Sub Assembly
XA4282IZJI,Ardea golieth,Sub Assembly
GM300MOOBK,Phacochoerus aethiopus,Sub Assembly
TU742ZI5X9,Marmota flaviventris,Sub Assembly
QM499YIS2Z,Sarcorhamphus papa,Sub Assembly
HH003HH20Q,Coluber constrictor,Sub Assembly
AY716PAQUF,Tragelaphus angasi,Sub Assembly
HI3761FZQK,Trichosurus vulpecula,Sub Assembly
MS833OCH3X,Ephipplorhynchus senegalensis,Sub Assembly
JW707OFWLP,Bassariscus astutus,Sub Assembly
DQ958PRZ6A,Odocoileus hemionus,Sub Assembly
JM823IX0MZ,Ploceus intermedius,Sub Assembly
TD103R0KAU,Notechis semmiannulatus,Sub Assembly
SW8825VFOO,Butorides striatus,Sub Assembly
DY819J4N02,Limnocorax flavirostra,Sub Assembly
GQ026Q0UJU,Panthera leo persica,Sub Assembly
XO226L7SPT,Acrobates pygmaeus,Sub Assembly
ZR2952M3EF,Centrocercus urophasianus,Sub Assembly
MU91389WAA,Nyctanassa violacea,Sub Assembly
JC602Y6DNV,Terathopius ecaudatus,Sub Assembly
PI973JI7N2,Dicrostonyx groenlandicus,Sub Assembly
TY961I7KT0,Cordylus giganteus,Sub Assembly
ZR753IZGAQ,Ovis dalli stonei,Sub Assembly
GT996UH6O3,Streptopelia senegalensis,Sub Assembly
HX211RTZ1N,Merops nubicus,Sub Assembly
LP825S8YPF,Agama sp.,Sub Assembly
QF725RP85F,Globicephala melas,Sub Assembly
AJ872NTCY9,Chlamydosaurus kingii,Sub Assembly
RT503J7TTC,Melursus ursinus,Sub Assembly
YO113PZZXJ,Ciconia episcopus,Sub Assembly
SV498JNP9L,Vombatus ursinus,Sub Assembly
NE275JOINQ,Naja sp.,Sub Assembly
JB326U2NS5,Calyptorhynchus magnificus,Sub Assembly
PC749PGY7S,Varanus salvator,Sub Assembly
BC766JEI7N,Nasua nasua,Sub Assembly
OJ207EOKZ5,Ceratotherium simum,Raw Material
JY325QPYFD,Pycnonotus nigricans,Raw Material
XH130RVZIT,Casmerodius albus,Raw Material
AW600MC65S,Eira barbata,Raw Material
GK081GBX8X,Bettongia penicillata,Raw Material
RP113GJF9L,Macaca nemestrina,Raw Material
IC923OMVOF,Stercorarius longicausus,Raw Material
SX08477TVF,Columba palumbus,Raw Material
RH693YESOC,Lamprotornis nitens,Raw Material
TV44071PF5,Ploceus intermedius,Raw Material
OY859U6V04,Chelodina longicollis,Raw Material
MS563MNYLT,Ratufa indica,Raw Material
OI46282846,Ephippiorhynchus mycteria,Raw Material
JV8609YKZJ,Acrobates pygmaeus,Raw Material
YM034X49VU,Colobus guerza,Raw Material
YQ1288BE1G,Agouti paca,Raw Material
YG121ZNG2Z,Acanthaster planci,Raw Material
WX798CPKRO,Aquila chrysaetos,Raw Material
HA028O4CZS,Pterocles gutturalis,Raw Material
NM698GEG30,Eudyptula minor,Raw Material
KF060MRAID,Uraeginthus granatina,Raw Material
KN184SI08Y,Plegadis falcinellus,Raw Material
EZ449LMNPD,Carduelis uropygialis,Raw Material
RD629M92VU,Lama guanicoe,Raw Material
XK515KLFFZ,Odocoileus hemionus,Raw Material
QH7551PKLO,Panthera pardus,Raw Material
VD187U4UFC,Pitangus sulphuratus,Raw Material
UT208LC35B,Felis concolor,Raw Material
AO986EPFCW,Bassariscus astutus,Raw Material
NG42328OCK,Coluber constrictor,Raw Material
FM324H2KZD,Varanus sp.,Raw Material
AB985HIVJ7,Bubulcus ibis,Raw Material
TY377P83A4,Xerus sp.,Raw Material
ZY874W22EB,Nucifraga columbiana,Raw Material
UF677AXQP8,Felis caracal,Raw Material
PC950LY98Z,Francolinus coqui,Raw Material
KS523BWPJ0,Aquila chrysaetos,Raw Material
WB414FVP5M,Phylurus milli,Raw Material
GC772RAG9H,Anitibyx armatus,Raw Material
QU420U41L6,Cordylus giganteus,Raw Material
MB886QYFWC,Eumetopias jubatus,Raw Material
JR280485M3,Trachyphonus vaillantii,Raw Material
VR2467FQDB,Macropus eugenii,Raw Material
BI085HY1DV,Cacatua tenuirostris,Raw Material
KJ308J1OO9,Tetracerus quadricornis,Raw Material
NG329PNHZ5,Hystrix cristata,Raw Material
JP611IU170,Speotyte cuniculata,Raw Material
DA437GQMFC,Merops nubicus,Raw Material
MA419877Y2,Threskionis aethiopicus,Raw Material
KG59765S6Q,Trachyphonus vaillantii,Raw Material
MP042WB494,Graspus graspus,Raw Material
HQ705DRQUY,Coluber constrictor,Raw Material
CR0809Y2NF,Dasyurus maculatus,Raw Material
QU9472WOSY,Meles meles,Raw Material
UF476UZDO0,Mazama gouazoubira,Raw Material
QD462AGUIT,Macropus agilis,Raw Material
TQ2433W3EC,Bubalornis niger,Raw Material
UB548STMYX,Echimys chrysurus,Raw Material
IZ243JMTEP,Gymnorhina tibicen,Raw Material
GR772Y3WGH,Sciurus niger,Raw Material
IF335HBVI0,Corythornis cristata,Raw Material
TW1982TMFW,Tayassu pecari,Raw Material
EG668F3COV,Cebus albifrons,Raw Material
PU4612U9H5,Larus fuliginosus,Raw Material
AY2140OWR9,Acinynox jubatus,Raw Material
AF960LQSAG,Buteo regalis,Raw Material
ZN718T4V1R,Spilogale gracilis,Raw Material
DY510DDKB7,Nasua nasua,Raw Material
TQ72605H08,Spizaetus coronatus,Raw Material
AI932I346A,Lepus arcticus,Raw Material
KN622DF0IK,Antidorcas marsupialis,Raw Material
FW718NKY1I,Paraxerus cepapi,Raw Material
NV43922CVX,Actophilornis africanus,Raw Material
ZX081OUL1D,Streptopelia senegalensis,Raw Material
BO708NE4V2,Damaliscus lunatus,Raw Material
PK949DUF7H,Sylvilagus floridanus,Raw Material
DU789SIKUG,unavailable,Raw Material
RZ7294V82O,Ctenophorus ornatus,Raw Material
JI926CT1V5,Odocoilenaus virginianus,Raw Material
SZ601TKPS7,Anastomus oscitans,Raw Material
IG872Q28AX,Anitibyx armatus,Raw Material
CP435JSF2E,Lepus arcticus,Raw Material
HL758TBFCE,Eurocephalus anguitimens,Raw Material
ZJ19650B59,Propithecus verreauxi,Raw Material
OA327MEA45,Acanthaster planci,Raw Material
BL312E23QT,Nectarinia chalybea,Raw Material
EL409VUE2D,Cebus apella,Raw Material
RM254XOIIV,Vombatus ursinus,Raw Material
ZK1251L3EV,Nucifraga columbiana,Raw Material
QC229A0NS9,Phascogale calura,Raw Material
ET732X616H,Canis dingo,Raw Material
VY298F1ID9,Tamiasciurus hudsonicus,Raw Material
EI430CXXDM,Choloepus hoffmani,Raw Material
PR22974FI5,Melophus lathami,Raw Material
BG9429NSGV,Cervus duvauceli,Raw Material
BH136PFV7B,Acanthaster planci,Raw Material
JT276FNCMJ,Phalacrocorax niger,Raw Material
WG774BAQ8X,Ploceus rubiginosus,Raw Material
WT025HCJ4I,Tapirus terrestris,Raw Material
BD408EYZCK,unavailable,Raw Material
LT5594UO5O,Upupa epops,Raw Material
KS595TR8L5,Graspus graspus,Raw Material
BR236CG5QO,Spizaetus coronatus,Raw Material
FI860CT1Z6,Varanus sp.,Raw Material
AV697EB66S,Alouatta seniculus,Raw Material
IK179DSAXB,Phalaropus fulicarius,Raw Material
TI009KD2D9,Dasypus novemcinctus,Raw Material
YP352BG60E,Paraxerus cepapi,Raw Material
IB247QQ8QZ,Alligator mississippiensis,Raw Material
QR832VZJK9,Paraxerus cepapi,Raw Material
SK95395BND,Geochelone elegans,Raw Material
GE827YDWJE,Pterocles gutturalis,Raw Material
KW591ZR3RX,Pseudocheirus peregrinus,Raw Material
XD12990RP0,Procyon cancrivorus,Raw Material
OO6098VKQN,Ceratotherium simum,Raw Material
MM131TM5B3,Iguana iguana,Raw Material
PT661R3LCR,Trichosurus vulpecula,Raw Material
TM248O471Y,Laniarius ferrugineus,Raw Material
SY053ZBBUE,Geococcyx californianus,Raw Material
BS922OKJSJ,Dusicyon thous,Raw Material
WD379TZ0N5,Streptopelia decipiens,Raw Material
JW096OXBVM,Macaca mulatta,Raw Material
PN996BKJ6Y,Dacelo novaeguineae,Raw Material
LA865NO6A9,Manouria emys,Raw Material
PJ497N59CJ,unavailable,Raw Material
TA0120HXBE,Haliaetus vocifer,Raw Material
ZS435MS8ZH,Bassariscus astutus,Raw Material
VT679ABIGU,Equus burchelli,Raw Material
HP030OR19E,Columba livia,Raw Material
CB734GIB20,Camelus dromedarius,Raw Material
VB356HLR7Z,Gorilla gorilla,Raw Material
VK290TVDHG,Tadorna tadorna,Raw Material
JG631XWB1H,Eumetopias jubatus,Raw Material
FP860H00A1,Cervus elaphus,Raw Material
QS821JJCE1,Bos mutus,Raw Material
CM776AOGVX,Raphicerus campestris,Raw Material
DT9325EWSW,Macropus agilis,Raw Material
PS149UD1CN,Delphinus delphis,Raw Material
AM175M9UJW,Uraeginthus granatina,Raw Material
UF071WWB59,Gyps bengalensis,Raw Material
GM43750K6Q,Sula dactylatra,Raw Material
NN262X3IYN,Taxidea taxus,Raw Material
IG250XXS3N,Nasua nasua,Raw Material
AN414I07VL,Uraeginthus angolensis,Raw Material
GU837X4L9U,Nucifraga columbiana,Raw Material
PP183FN15V,Alectura lathami,Raw Material
EL054KK8RU,Macaca fuscata,Raw Material
TP014LJEEM,Mabuya spilogaster,Raw Material
LP2976B5J7,Sula dactylatra,Raw Material
YK194PJYY7,Junonia genoveua,Raw Material
ER7815K69Z,Tachyglossus aculeatus,Raw Material
JZ342SKBGY,Recurvirostra avosetta,Raw Material
OZ6089AG6N,Bubalus arnee,Raw Material
FZ428WHN33,Petaurus norfolcensis,Raw Material
BK936P05HT,Odocoileus hemionus,Raw Material
FY583D5Y8X,Haematopus ater,Raw Material
BI711M5TDR,unavailable,Raw Material
NZ973LTO7B,Nyctea scandiaca,Raw Material
VT549RQ7BI,Martes americana,Raw Material
PO816HGZOQ,Varanus sp.,Raw Material
CX030IXVZ1,Priodontes maximus,Raw Material
AN075DKBZM,Dicrurus adsimilis,Raw Material
QP263QMUBI,unavailable,Raw Material
LQ578XALJC,Colaptes campestroides,Raw Material
MN894CXM46,Semnopithecus entellus,Raw Material
RB690W87DN,Plegadis ridgwayi,Raw Material
PS960YEOTB,Meleagris gallopavo,Raw Material
JB808FRU9X,Lutra canadensis,Raw Material
QZ5898QUR7,Bassariscus astutus,Raw Material
UR728PPYUZ,Ursus americanus,Raw Material
FX81681BN1,Buteo regalis,Raw Material
UH90619PQD,Choriotis kori,Raw Material
NF042KRVZL,Acrantophis madagascariensis,Raw Material
CC4785WBI0,Antidorcas marsupialis,Raw Material
ID719JF9B0,Felis silvestris lybica,Raw Material
PI202F89D6,Stercorarius longicausus,Raw Material
DX238KUWW5,Felis silvestris lybica,Raw Material
XT199304U4,Dasypus septemcincus,Raw Material
SA797JRWXS,Bucephala clangula,Raw Material
GX715POTF4,Gyps fulvus,Raw Material
GL572T0HGJ,unavailable,Raw Material
YD054S2GFV,Felis silvestris lybica,Raw Material
OX270GCE71,Papilio canadensis,Raw Material
GP9907EQ8U,Nectarinia chalybea,Raw Material
XI879BG7YI,Numida meleagris,Raw Material
BW618106RR,Raphicerus campestris,Raw Material
QJ387KAHHB,Isoodon obesulus,Raw Material
EC4336NRPQ,Numida meleagris,Raw Material
FM401930BN,Lamprotornis sp.,Raw Material
NF314KPQ12,Physignathus cocincinus,Raw Material
US721M3LT8,Dacelo novaeguineae,Raw Material
CX275QY0QX,Grus antigone,Raw Material
PL995L18LB,unavailable,Raw Material
BT231IN877,Bassariscus astutus,Raw Material
HS5381HM22,Rhea americana,Raw Material
TP13187GQE,Deroptyus accipitrinus,Raw Material
QH132YC4BX,Taurotagus oryx,Raw Material
WI804WE5OM,Zonotrichia capensis,Raw Material
QI523M9M2B,Recurvirostra avosetta,Raw Material
UO07513EPH,Phoca vitulina,Raw Material
GW204HFDO6,Ceratotherium simum,Raw Material
IA219KR75X,Spermophilus tridecemlineatus,Raw Material
VD584RM90I,Hyaena brunnea,Raw Material
OW702HB8PW,Ninox superciliaris,Raw Material
PP87254TXD,Cacatua galerita,Raw Material
UF681XB4D0,Sarcorhamphus papa,Raw Material
WY385H4GSD,Ciconia episcopus,Raw Material
EI619X37DL,Tamiasciurus hudsonicus,Raw Material
QO014JZQ24,Pseudalopex gymnocercus,Raw Material
AC091O0SOM,Ephippiorhynchus mycteria,Raw Material
EN711GGO8D,Butorides striatus,Raw Material
AW905XWF1Y,Ciconia episcopus,Raw Material
BH539U2GQC,Equus burchelli,Raw Material
VN307Z2ZWB,unavailable,Raw Material
BD654KWZ3Z,Aegypius occipitalis,Raw Material
GX981FXMAE,Oryx gazella,Raw Material
LR574LC6FK,Elephas maximus bengalensis,Raw Material
HJ448704FM,Equus hemionus,Raw Material
FM315DJOHR,Phoeniconaias minor,Raw Material
MD273V75IO,Dicrostonyx groenlandicus,Raw Material
ZC15446R53,Meles meles,Raw Material
YE031UCW5J,Acrantophis madagascariensis,Raw Material
WJ669K1MDA,Callipepla gambelii,Raw Material
NA93360UHT,Macropus robustus,Raw Material
PG8916X5K9,Morelia spilotes variegata,Raw Material
JK3937Y0QB,Motacilla aguimp,Raw Material
ZD804YLNJE,Podargus strigoides,Raw Material
OS510M8K56,Calyptorhynchus magnificus,Raw Material
WX873IVO7E,Ninox superciliaris,Raw Material
EL8900S73C,Coluber constrictor,Raw Material
DO758WEJEM,Balearica pavonina,Raw Material
BQ964S5UWR,Bassariscus astutus,Raw Material
EI463O033G,Neotis denhami,Raw Material
GA5824WNKK,Prionace glauca,Raw Material
RZ1151QRUF,Conolophus subcristatus,Raw Material
CB387QZ8MT,Ninox superciliaris,Raw Material
DD70910565,Ursus arctos,Raw Material
QU508MKIZJ,Bos mutus,Raw Material
TJ9003SJLU,Merops bullockoides,Raw Material
AH064ATI66,Gymnorhina tibicen,Raw Material
QI205Y2XDK,Camelus dromedarius,Raw Material
OJ387RLUVO,Oryx gazella callotis,Raw Material
IO303YJ329,Anhinga rufa,Raw Material
YP648U9R0J,Climacteris melanura,Raw Material
KP386FEVN5,Dasyprocta leporina,Raw Material
KA594ASP0X,Tetracerus quadricornis,Raw Material
JH869Q8KTZ,Canis dingo,Raw Material
IM353PKCWU,Cracticus nigroagularis,Raw Material
DL7762WU2J,Phoenicopterus chilensis,Raw Material
BM9260GE9D,Ovis dalli stonei,Raw Material
VU294KZQM3,Anathana ellioti,Raw Material
AG398GWHY2,Anas bahamensis,Raw Material
QD806P4B5D,Toxostoma curvirostre,Raw Material
TD129W2AQJ,Colobus guerza,Raw Material
SR542NQW77,Acrantophis madagascariensis,Raw Material
JI321DSQ1B,Taurotagus oryx,Raw Material
CO631TAWCJ,Corvus brachyrhynchos,Raw Material
EE77441WW9,Psittacula krameri,Raw Material
KN433WXIZF,Pelecanus occidentalis,Raw Material
YI046LK3CB,Herpestes javanicus,Raw Material
FV097D7UPD,Pseudocheirus peregrinus,Raw Material
TA0060LOFN,Cercopithecus aethiops,Raw Material
CX033SBXV0,Macaca mulatta,Raw Material
BL075Y0P1Q,Bubo virginianus,Raw Material
BC4999MZFQ,Pseudalopex gymnocercus,Raw Material
XQ516BVGGF,Bubalus arnee,Raw Material
KR962A32VM,Anastomus oscitans,Raw Material
JC744QB50M,Manouria emys,Raw Material
CZ7160S0T6,Marmota caligata,Raw Material
ZV253TKUQL,Carduelis uropygialis,Raw Material
YN3128951O,Acanthaster planci,Raw Material
BF814IPBD4,Plocepasser mahali,Raw Material
IM673O8GCG,Centrocercus urophasianus,Raw Material
ZN125D2UFH,Vombatus ursinus,Raw Material
JK241RWBDA,Lutra canadensis,Raw Material
QR668KTFSX,Suricata suricatta,Raw Material
UF533H1980,Cacatua galerita,Raw Material
BQ038S5H77,Ursus maritimus,Raw Material
NK089DDXPQ,Toxostoma curvirostre,Raw Material
EC6958ACU4,Equus hemionus,Raw Material
AS2197KIK6,Pteronura brasiliensis,Raw Material
LP256KDIBM,Ovis orientalis,Raw Material
GH32286JQ0,Limosa haemastica,Raw Material
IW774P8K5D,unavailable,Raw Material
AW908EA5R4,Passer domesticus,Raw Material
ZY590D0QAT,Nectarinia chalybea,Raw Material
GS70973PH0,Anthropoides paradisea,Raw Material
MM271Y5GXT,Geococcyx californianus,Raw Material
TE836EBEWV,Ctenophorus ornatus,Raw Material
VQ74404O6H,Otaria flavescens,Raw Material
IG5957UMAK,Columba livia,Raw Material
OK073MUNTI,Varanus sp.,Raw Material
BZ642Q7U8D,Lamprotornis superbus,Raw Material
OU715PS344,Sus scrofa,Raw Material
YT043F5FP8,Phascolarctos cinereus,Raw Material
VJ367QQDUB,Colobus guerza,Raw Material
RS940MPGEH,Phoca vitulina,Raw Material
VE7974JFQV,Echimys chrysurus,Raw Material
UI371REXOK,Scolopax minor,Raw Material
KD550E6E2P,Colobus guerza,Raw Material
RB6076DGRI,Centrocercus urophasianus,Raw Material
FY432FTU36,Macropus eugenii,Raw Material
OU502P7HYB,Laniarius ferrugineus,Raw Material
VJ555O59KF,Microcebus murinus,Raw Material
FR2251OXWL,Coluber constrictor,Raw Material
LK6651GSBM,Aquila chrysaetos,Raw Material
SL203W180F,Proteles cristatus,Raw Material
WY25590GMY,Crotaphytus collaris,Raw Material
VK6496KC2R,Macaca nemestrina,Raw Material
EA802RX3B0,Odocoileus hemionus,Raw Material
DV34869NW6,Tayassu tajacu,Raw Material
AH8865VPF4,Threskionis aethiopicus,Raw Material
IZ985U6ZC6,Acridotheres tristis,Raw Material
VT862DR25W,Redunca redunca,Raw Material
OX464U1JUZ,Tiliqua scincoides,Raw Material
VN295CXVW4,Agkistrodon piscivorus,Raw Material
OM508MNHJD,Alopex lagopus,Raw Material
RU143JD52O,Paradoxurus hermaphroditus,Raw Material
WS631YZ6EH,Coluber constrictor foxii,Raw Material
CH7354DXUO,Manouria emys,Raw Material
GL80717YV6,unavailable,Raw Material
HQ863X84JC,Nyctea scandiaca,Raw Material
MM987BFU41,Galictis vittata,Raw Material
US3611SKVF,Phaethon aethereus,Raw Material
RY3409SHSK,Macaca radiata,Raw Material
IQ958ONN1T,Francolinus coqui,Raw Material
CX619ZK6WV,Bucorvus leadbeateri,Raw Material
NU042XWKL4,Phalaropus lobatus,Raw Material
QQ1935SI9F,Psophia viridis,Raw Material
CL436MX5U0,Mycteria leucocephala,Raw Material
VM58319TT3,unavailable,Raw Material
XV427SSRVE,Butorides striatus,Raw Material
TB088XW8FC,Leptoptilus dubius,Raw Material
EQ88324R8N,Microcavia australis,Raw Material
PS545JDCMD,Libellula quadrimaculata,Raw Material
CN1005NV93,Spermophilus parryii,Raw Material
UW902HE0K7,Ephipplorhynchus senegalensis,Raw Material
WH311KFIVS,Lutra canadensis,Raw Material
WB889Q2B95,Carduelis uropygialis,Raw Material
OO003COAA5,Tyto novaehollandiae,Raw Material
SA402T7VS4,Felis silvestris lybica,Raw Material
WG3617Z24J,Colobus guerza,Raw Material
FB306EJNAD,unavailable,Raw Material
UW002QL210,Eudyptula minor,Raw Material
FS786DXL46,Bettongia penicillata,Raw Material
BM789PLFY5,Catharacta skua,Raw Material
KG009VE7G8,Macaca fuscata,Raw Material
SY632FF403,Lutra canadensis,Raw Material
XE227L5KDV,Falco mexicanus,Raw Material
WX160LDL88,Sceloporus magister,Raw Material
FV674N0IQT,Haliaeetus leucocephalus,Raw Material
IP361B5XBY,Sciurus niger,Raw Material
KO762443K9,Varanus sp.,Raw Material
UA45970NV1,Pedetes capensis,Raw Material
SP209ZX4IE,Mustela nigripes,Raw Material
MJ09587YEL,Sciurus vulgaris,Raw Material
HR244AM1G3,Sarkidornis melanotos,Raw Material
SX546Y48I2,Ovis ammon,Raw Material
YP634F51GI,Naja sp.,Raw Material
TW7393S8X1,unavailable,Raw Material
DY254Q45HZ,Francolinus swainsonii,Raw Material
VE623Q58GS,Eolophus roseicapillus,Raw Material
YN969Q4UDY,Diomedea irrorata,Raw Material
AM08620LRG,Coracias caudata,Raw Material
MQ220M8SNE,Limosa haemastica,Raw Material
TD459DOY8B,Paradoxurus hermaphroditus,Raw Material
HQ790E8FNG,Caiman crocodilus,Raw Material
NG602KWJ16,Crotaphytus collaris,Raw Material
EK518EDRB7,Gopherus agassizii,Raw Material
QX9459HLAO,Eira barbata,Raw Material
WI696XIT2P,Francolinus coqui,Raw Material
HZ180HP5LU,Hyaena hyaena,Raw Material
FW972V3U2B,Estrilda erythronotos,Raw Material
KF569KK1KH,Felis concolor,Raw Material
VE81887FOJ,Branta canadensis,Raw Material
DG5425MKKH,Canis lupus baileyi,Raw Material
VA5438M3AI,Marmota caligata,Raw Material
PS669FHLGZ,Macropus agilis,Raw Material
FO414C6HRS,Leprocaulinus vipera,Raw Material
EL142TRNPG,Psophia viridis,Raw Material
XJ235077N7,Colaptes campestroides,Raw Material
TY680DGHAB,Bettongia penicillata,Raw Material
NL071OMSF7,Spizaetus coronatus,Raw Material
TC523SFD4A,Smithopsis crassicaudata,Raw Material
YI656ESDO9,Connochaetus taurinus,Raw Material
WJ2461W0YO,Lutra canadensis,Raw Material
JB90651XQY,unavailable,Raw Material
BL578LKNYR,Irania gutteralis,Raw Material
UB629V1NLY,Elephas maximus bengalensis,Raw Material
FE193JLWYM,Pycnonotus nigricans,Raw Material
PT54374P4Y,Macropus agilis,Raw Material
JG094N8EUU,Rhea americana,Raw Material
HU542C17MS,Loris tardigratus,Raw Material
AB73895I64,Otaria flavescens,Raw Material
SJ960KRH68,Larus fuliginosus,Raw Material
FL7892A8WU,Eubalaena australis,Raw Material
MQ5138P9JE,Francolinus coqui,Raw Material
SK495QDEF7,Laniarius ferrugineus,Raw Material
MC848DVRAC,Nyctea scandiaca,Raw Material
HG188X9WTP,Amazona sp.,Raw Material
GG527LJPFA,Propithecus verreauxi,Raw Material
JU435PSSR4,Haematopus ater,Raw Material
JP625WO1D5,Macropus robustus,Raw Material
FY29114G54,Odocoileus hemionus,Raw Material
GQ0182Q87S,Phoenicopterus ruber,Raw Material
SU3558QGPO,Equus burchelli,Raw Material
HZ757T2TCN,Cathartes aura,Raw Material
VN985RSJVF,Panthera pardus,Raw Material
ZK00778SBK,Coluber constrictor,Raw Material
XA482JNDI3,Uraeginthus angolensis,Raw Material
NF493JJDO0,Bubalornis niger,Raw Material
EL279VQTFK,Cervus canadensis,Raw Material
TQ319TE6GU,Smithopsis crassicaudata,Raw Material
EZ442HE9UM,Semnopithecus entellus,Raw Material
AC381Q8REA,Macropus robustus,Raw Material
VQ1029TZCI,Varanus salvator,Raw Material
UR511G83QI,Cacatua tenuirostris,Raw Material
EB288Z7J2M,Ramphastos tucanus,Raw Material
LK6957FO42,Rhea americana,Raw Material
MX502D3POD,Morelia spilotes variegata,Raw Material
SU101CZK36,Dicrurus adsimilis,Raw Material
TV628684XG,Anser anser,Raw Material
JG840002IE,Phascogale calura,Raw Material
MP909OLJNF,Nyctanassa violacea,Raw Material
EI287MG4S8,Spizaetus coronatus,Raw Material
UC482CSJ8Q,Nucifraga columbiana,Raw Material
XB413E4QSQ,Macropus eugenii,Raw Material
DO250ZIK00,Morelia spilotes variegata,Raw Material
OK526CQMT6,Sarcophilus harrisii,Raw Material
MB819X33DM,Elephas maximus bengalensis,Raw Material
TU504FBMM1,Alopex lagopus,Raw Material
QO7961VBFX,Vulpes chama,Raw Material
HH940L28SB,Ceryle rudis,Raw Material
TG928BOPDN,Upupa epops,Raw Material
RB586P0NHF,Canis dingo,Raw Material
TH650V6L2M,Acanthaster planci,Raw Material
XS495YDGTJ,Phasianus colchicus,Raw Material
ZY616ZLPUD,Papio cynocephalus,Raw Material
KX35997H20,Merops nubicus,Raw Material
LK173VJABR,Dasypus septemcincus,Raw Material
SO3456BMTK,Bubo sp.,Raw Material
PL749R3Q59,Anhinga rufa,Raw Material
PI940KSQGV,Connochaetus taurinus,Raw Material
XU314SQS2N,Trichechus inunguis,Raw Material
KV783HKVL1,Pterocles gutturalis,Raw Material
MB265TG3TZ,Vanessa indica,Raw Material
BO215RSHQH,Anthropoides paradisea,Raw Material
TK287OGN0N,Aonyx capensis,Raw Material
RZ305HZ7MF,Haliaetus leucogaster,Raw Material
TM059S57PL,Macropus parryi,Raw Material
TA689TZ6KA,Hystrix cristata,Raw Material
SC379WNJV9,Isoodon obesulus,Raw Material
KS7203O5FQ,Vulpes chama,Raw Material
VU116Y29OV,Acinynox jubatus,Raw Material
GM494SWYU3,Lepus townsendii,Raw Material
VG587W9FOP,Nyctereutes procyonoides,Raw Material
NR793GZO6I,Acrobates pygmaeus,Raw Material
JG008WQ387,Felis wiedi or Leopardus weidi,Raw Material
VZ1996E0GD,Hymenolaimus malacorhynchus,Raw Material
YR182BAD8K,Manouria emys,Raw Material
BT699AD1NH,Canis aureus,Raw Material
UP2406ZMEN,Bassariscus astutus,Raw Material
MB0386PW2E,Phalaropus fulicarius,Raw Material
TU621AW14Z,Tadorna tadorna,Raw Material
YP544SGI4R,Canis mesomelas,Raw Material
ZI6381NTI0,Phoca vitulina,Raw Material
WR387R1549,Threskionis aethiopicus,Raw Material
KS316GB9Q5,Aonyx cinerea,Raw Material
IV9867FOFL,Papio cynocephalus,Raw Material
LK200YNARP,Drymarchon corias couperi,Raw Material
JV743J9UB8,Spheniscus mendiculus,Raw Material
OY6914IQRA,Bison bison,Raw Material
TM310NLOEC,Zenaida galapagoensis,Raw Material
YR1830VTVO,Grus rubicundus,Raw Material
NW102L3EGS,Sarkidornis melanotos,Raw Material
US257RBOKE,unavailable,Raw Material
JD9016ZR1X,Neotoma sp.,Raw Material
KF121K2W62,Oryx gazella,Raw Material
ZF0692P634,Felis concolor,Raw Material
ZH100VE34H,Phascogale calura,Raw Material
XN277QWSN1,Psophia viridis,Raw Material
OF2251O41F,Threskionis aethiopicus,Raw Material
TU224LK52D,Bubo virginianus,Raw Material
YZ199PN36I,Canis lupus baileyi,Raw Material
RZ421M43G2,Sarkidornis melanotos,Raw Material
JL802H2T91,Colaptes campestroides,Raw Material
HR610SUP3Q,Francolinus leucoscepus,Raw Material
YN738JO22I,Lama pacos,Raw Material
LK903ZTK5X,Odocoileus hemionus,Raw Material
DD74593AE5,Cebus apella,Raw Material
TH493GHGWA,Pelecans onocratalus,Raw Material
HO998E5XRR,Crocuta crocuta,Raw Material
CT934I4I4H,Eira barbata,Raw Material
TK654VQ8L1,Canis aureus,Raw Material
PJ535XF918,Pelecanus occidentalis,Raw Material
CS887UETEQ,Salvadora hexalepis,Raw Material
RY9553B0ST,Geochelone elephantopus,Raw Material
CK180R4K7D,Platalea leucordia,Raw Material
QM574GWKS5,unavailable,Raw Material
EL499VZB0F,Merops nubicus,Raw Material
YJ61319RXI,Caiman crocodilus,Raw Material
GV97437BN3,Acridotheres tristis,Raw Material
TJ176F7U78,Equus hemionus,Raw Material
XA07357FSI,Agelaius phoeniceus,Raw Material
ST669TDO8M,Lama pacos,Raw Material
EC088ZIUQZ,Passer domesticus,Raw Material
XK239UAZSF,Vanessa indica,Raw Material
PD432TIJ6Q,Podargus strigoides,Raw Material
MQ022HONQZ,Anathana ellioti,Raw Material
OX35333YBU,Ardea cinerea,Raw Material
GZ885027HG,Canis mesomelas,Raw Material
QN708B9KAZ,Potamochoerus porcus,Raw Material
IM8783MMZN,Cacatua tenuirostris,Raw Material
QD544F9CHQ,Vanellus chilensis,Raw Material
NG183QGTSY,Fratercula corniculata,Raw Material
EP308WXBJI,Macropus giganteus,Raw Material
HM337L1SKX,Priodontes maximus,Raw Material
WL637VGFFF,Oryx gazella callotis,Raw Material
UE8098H9QR,Ciconia episcopus,Raw Material
JE576200D9,Ovis ammon,Raw Material
RJ985IPO98,Limnocorax flavirostra,Raw Material
EO0793VLNY,unavailable,Raw Material
PK814M2DMK,Tamandua tetradactyla,Raw Material
UN58065IAM,Aegypius tracheliotus,Raw Material
RM342UD0AL,Myiarchus tuberculifer,Raw Material
UC418171AS,Bettongia penicillata,Raw Material
US593PQ3KL,Platalea leucordia,Raw Material
TI9400MHMP,Platalea leucordia,Raw Material
AO738GMKKX,Papio cynocephalus,Raw Material
JT466UCBDH,Macropus fuliginosus,Raw Material
HB941XJFU3,Meles meles,Raw Material
WB974C1WWD,Iguana iguana,Raw Material
VA6915U03C,Dusicyon thous,Raw Material
ZJ824EQ6ZV,Macropus giganteus,Raw Material
FK409YYNWZ,Erinaceus frontalis,Raw Material
CB1157KTS5,Lamprotornis superbus,Raw Material
EE159Y7P41,Ciconia episcopus,Raw Material
KP358YKFKE,Colobus guerza,Raw Material
NK5261Y8XG,Stenella coeruleoalba,Raw Material
JU683NUHDE,Macaca radiata,Raw Material
DA594AJTHH,Larus fuliginosus,Raw Material
BJ542U20MJ,Ara ararauna,Raw Material
JO3029MMBP,Grus canadensis,Raw Material
SL3107H1HU,Ciconia episcopus,Raw Material
OF021YHE8M,Equus burchelli,Raw Material
GI289H3HHS,Colobus guerza,Raw Material
FT968NY6Q5,Conolophus subcristatus,Raw Material
CC3282PJ8C,Irania gutteralis,Raw Material
MP7651RNGA,Paradoxurus hermaphroditus,Raw Material
RM9813MX8A,Choriotis kori,Raw Material
XA622793LV,Ardea golieth,Raw Material
YD411C0QZJ,Graspus graspus,Raw Material
EA490FXMQW,Phalaropus lobatus,Raw Material
TM565RE3Z3,Equus burchelli,Raw Material
YX465JV410,Milvago chimachima,Raw Material
YK057JIW4L,Colobus guerza,Raw Material
NL614QXALC,Carduelis uropygialis,Raw Material
TF9838QZ4M,Ara ararauna,Raw Material
DJ393AHH6O,Chauna torquata,Raw Material
SE854AAT2Q,Echimys chrysurus,Raw Material
IM494SI9SE,Ninox superciliaris,Raw Material
SU1235LCPV,Chlidonias leucopterus,Raw Material
QE8675LG7K,Ateles paniscus,Raw Material
OM170ENMOP,Cacatua tenuirostris,Raw Material
QE6923CVUI,Varanus salvator,Raw Material
XO7325RBKY,Junonia genoveua,Raw Material
YA054U4CTT,Phascogale calura,Raw Material
DI839P6YVR,Suricata suricatta,Raw Material
WO3433NPHU,Tenrec ecaudatus,Raw Material
RD502F4FW4,Mephitis mephitis,Raw Material
UV7291XGEN,Neophoca cinerea,Raw Material
ZQ9821IYV1,Manouria emys,Raw Material
GY352C4BO2,Rhea americana,Raw Material
HI495FCT6Z,Butorides striatus,Raw Material
OJ371PAWQ1,Varanus sp.,Raw Material
CY459W7E51,Choriotis kori,Raw Material
SY776SIVPR,Equus hemionus,Raw Material
EL100G6XUG,Ardea cinerea,Raw Material
RP221UCI7W,Macropus eugenii,Raw Material
AF498I6P0W,Mycteria leucocephala,Raw Material
KZ451KR8GT,Alouatta seniculus,Raw Material
BB730NKJY7,Diceros bicornis,Raw Material
BO982G797K,Martes americana,Raw Material
PZ572EN4F7,Lamprotornis superbus,Raw Material
ZF470T0OGG,Rhea americana,Raw Material
PH106NHXIN,Sula dactylatra,Raw Material
BY597ALN3B,Orcinus orca,Raw Material
JK1303D8NN,Anastomus oscitans,Raw Material
EJ321I38CH,Bubalornis niger,Raw Material
TB356JGE4G,Dicrostonyx groenlandicus,Raw Material
BN982DK9AM,Lepus arcticus,Raw Material
UO6318TJM0,Madoqua kirkii,Raw Material
DT8241NCB2,Cacatua tenuirostris,Raw Material
YE062YRX3I,Theropithecus gelada,Raw Material
HI855HLAAA,Pedetes capensis,Raw Material
LN0488KDPB,Uraeginthus angolensis,Raw Material
BR051SUCYA,Dasyurus maculatus,Raw Material
BX639XZTTT,Morelia spilotes variegata,Raw Material
CN637JCP4H,Stercorarius longicausus,Raw Material
LE05519F6X,Cracticus nigroagularis,Raw Material
PO895YGKTE,Marmota flaviventris,Raw Material
BA484G459D,Papio cynocephalus,Raw Material
PR5449X4IR,Mirounga angustirostris,Raw Material
YE484MRVH0,Macropus eugenii,Raw Material
CA694WYJ7U,Cebus nigrivittatus,Raw Material
OY742FR61T,Lepus arcticus,Raw Material
LK321Y2AJW,Dasypus septemcincus,Raw Material
LC6505LQKJ,Plectopterus gambensis,Raw Material
SF9896BRXC,Pteronura brasiliensis,Raw Material
FW171NRXET,Cacatua tenuirostris,Raw Material
EA878JXFIP,Pycnonotus nigricans,Raw Material
IR404AJOZB,Anastomus oscitans,Raw Material
FL335ZJ1LQ,Cacatua tenuirostris,Raw Material
HF778JO8JF,Naja haje,Raw Material
DX0676WZ5T,Choloepus hoffmani,Raw Material
GB4422VFTO,Paradoxurus hermaphroditus,Raw Material
QR436JJNUR,Pseudoleistes virescens,Raw Material
QS965ZTV0G,Tockus flavirostris,Raw Material
CW790V1M15,Lasiodora parahybana,Raw Material
ZQ694L5SWD,Crotalus cerastes,Raw Material
AR253E056D,Corythornis cristata,Raw Material
ZK3118WXL8,Semnopithecus entellus,Raw Material
AR1914JWA5,Genetta genetta,Raw Material
KR5020J1VW,Merops nubicus,Raw Material
YH022QCYFE,Hymenolaimus malacorhynchus,Raw Material
JT522U2P9N,Pytilia melba,Raw Material
ZX130LGISK,Canis aureus,Raw Material
GT582WN3GL,Ciconia episcopus,Raw Material
HE320CYVPK,unavailable,Raw Material
FM1009KIK8,Macaca mulatta,Raw Material
RL607HDG1D,Eubalaena australis,Raw Material
OU285FG9RE,Laniaurius atrococcineus,Raw Material
AK501PAZYR,Porphyrio porphyrio,Raw Material
DH355L144W,Pseudalopex gymnocercus,Raw Material
GK987TU64C,Pelecans onocratalus,Raw Material
PW332Y16WY,Petaurus breviceps,Raw Material
IN578ABJFM,Colobus guerza,Raw Material
PV051K45J9,Damaliscus dorcas,Raw Material
RX929PLZ1N,Lama glama,Raw Material
LY064SNEQE,Scolopax minor,Raw Material
NZ156ZYWB3,Gopherus agassizii,Raw Material
FL4975R59Z,Microcebus murinus,Raw Material
PF742TTTKI,Limosa haemastica,Raw Material
XI162W93KB,Choloepus hoffmani,Raw Material
TK716P00YP,Casmerodius albus,Raw Material
PY508SDYB1,Kobus leche robertsi,Raw Material
PI408JNEOG,Ctenophorus ornatus,Raw Material
FT9085QDQK,Phasianus colchicus,Raw Material
WF452QCWIJ,Gymnorhina tibicen,Raw Material
UH8702QMJ4,Eubalaena australis,Raw Material
AG349C8ZJL,Vombatus ursinus,Raw Material
GC519WC7YZ,Leptoptilus dubius,Raw Material
BN183RD6U8,Larus dominicanus,Raw Material
PB386OMJV5,Varanus sp.,Raw Material
MZ417R2LS2,Antilope cervicapra,Raw Material
HQ181P78IW,unavailable,Raw Material
KK1350FNQR,Theropithecus gelada,Raw Material
AE5397GHVZ,Herpestes javanicus,Raw Material
AG194ESJ0F,Tragelaphus strepsiceros,Raw Material
TS567IRLKQ,Lemur fulvus,Raw Material
JO861OESOJ,Pycnonotus barbatus,Raw Material
YT988DL97J,Tamiasciurus hudsonicus,Raw Material
DT0634CT4T,Graspus graspus,Raw Material
AS504BHEHD,Bos taurus,Raw Material
LC830NEXZB,Bassariscus astutus,Raw Material
IU915TMHTY,Semnopithecus entellus,Raw Material
WI4730TMHZ,Semnopithecus entellus,Raw Material
KP630UPEMQ,Leprocaulinus vipera,Raw Material
PS196ZNHZX,Ctenophorus ornatus,Raw Material
KM3392U3KO,Gorilla gorilla,Raw Material
PM430S7NIY,Procyon cancrivorus,Raw Material
DY9273OWG1,Halcyon smyrnesis,Raw Material
IO9061EENN,Acridotheres tristis,Raw Material
VD5741S61L,Neophoca cinerea,Raw Material
