Job,JobStatus
QPCPYKL,Closed
KK55NVQ,Unreleased
4D55RE5,Complete
3D0ZGAP,Closed
J7DYQL0,Unreleased
0F9BB41,Complete
L8PVL8M,Closed
R4RWMR1,Closed
UGLIL78,Complete
1QIJP7A,Complete
WTK0Q58,Closed
NHOGRNR,Closed
R7P9DOQ,Closed
57AWNYN,Complete
Z2MGFQT,Released
H7O2NIU,Closed
HY6SY2I,Closed
17M6M4W,Released
ULJQY9R,Complete
8CRLWO3,Complete
KB8XT2N,Complete
RUSGL8V,Released
UFP6AGO,Released
VNABJC0,Unreleased
4ROE0MY,Released
XTRQIKT,Unreleased
IFUCNWN,Released
J1OKT8P,Released
00Q8DQF,Complete
2JGRNZU,Complete
8D51RID,Released
TYRIUN5,Closed
NEJOE9K,Closed
571KNL9,Complete
WO6UNOE,Released
WCOJTKH,Closed
J0IFANM,Complete
C9O5LIV,Complete
NANU7KA,Complete
NTTPGVE,Released
RN68KBE,Closed
CM91R8D,Closed
2TZIYHS,Unreleased
6NFFOMF,Unreleased
TKTM50Y,Complete
RVD3YIX,Unreleased
FBI5B5G,Released
44RJJ2B,Released
DM9OYCM,Unreleased
QMUGEWG,Closed
RJQHJT4,Released
QHCXNKV,Released
WK5BUAR,Closed
J6F8YIR,Closed
QIPE84I,Closed
HZ5NE8A,Unreleased
DGWMXJ9,Closed
F930OAW,Unreleased
XY1WQ6N,Complete
2T2SQ7A,Unreleased
819SRC1,Complete
MHU5RYB,Released
BUQ5A9A,Closed
7TY7U5A,Released
147EFSQ,Closed
DS7KVSN,Released
CDKFOM5,Released
UD4XYY4,Unreleased
RXYJT63,Complete
DLZ1AA4,Complete
HC5QSB1,Closed
OGD0WH6,Closed
HBAL1KF,Released
0QTJY8X,Released
0JJHOQ7,Complete
32E0KHW,Released
SA2HQYO,Released
0EL15PB,Closed
74IL1HQ,Released
W8GNNV1,Unreleased
H0A1PTH,Complete
V75N129,Closed
OEAKN59,Released
ELNTHE2,Unreleased
B85BZNL,Unreleased
CH4C93X,Unreleased
RK9BCNS,Closed
AR6XS1Z,Complete
L0LKTZJ,Closed
PRWI0MZ,Released
I4YNLL6,Unreleased
KPB6R8B,Closed
CLCFGKP,Unreleased
YK7TBPH,Released
CFLT5TY,Complete
L29QOFJ,Unreleased
N9DXMNR,Released
NE6G9T0,Unreleased
D8EWSZA,Complete
UEB3SSD,Unreleased
Q0CEDY6,Closed
Z7GWQW1,Unreleased
Y1CLWE0,Complete
Z55PJUQ,Closed
SRGJE56,Complete
GFPCHJF,Unreleased
7HB4RBQ,Complete
6DG2V6H,Released
L8GDH98,Complete
XIDRCX9,Unreleased
G2QR6CC,Closed
ZRI0EC1,Unreleased
BO2JRD0,Unreleased
QM7V152,Released
KM8HE1Q,Unreleased
ZCJ8UNI,Complete
1MWVVP6,Closed
8E4MPSP,Complete
ZE4DBMU,Released
W3TJETR,Released
FWN8ME5,Complete
OJYVM7T,Closed
V6R4MUO,Closed
PBOFRZN,Complete
A4OFLJK,Closed
4AXFS53,Unreleased
2ENW7I8,Released
6EFYO8X,Released
9UA4EPL,Unreleased
TUZR8CF,Complete
XWWDBFY,Complete
G1W0U02,Closed
XRE8ABF,Released
GIUTHTF,Complete
96XTRXB,Unreleased
F4RMS52,Complete
8HQEG5V,Released
BM862FK,Released
PIP9QBB,Closed
IPOUI8O,Unreleased
U8CXZLG,Closed
P37D8O9,Complete
S9NK169,Released
TA8M2PQ,Unreleased
SEFGSAX,Released
DHJ5C4C,Closed
38CAAE6,Released
KCZJNVY,Unreleased
W68CMC6,Unreleased
GENDW7D,Complete
X4YS2XG,Closed
Y63ILXL,Complete
NH9RFLC,Complete
WCCTPTL,Unreleased
27W7WDI,Unreleased
L1S9WSK,Released
TTKQW9S,Closed
IO8M2OS,Unreleased
691MWQY,Complete
DBNLDVJ,Released
7AUJLOE,Closed
LNUAWS0,Released
K0VKVCM,Unreleased
EE5HWOD,Unreleased
XK6B3PG,Complete
WEPPU3L,Complete
9FKZK2E,Closed
OCBNBJ1,Complete
SL57SVO,Complete
PL5Q0YW,Unreleased
0VQWLN9,Unreleased
U307NGZ,Released
ETNWNW7,Released
95NSGU9,Released
GJGBCEC,Unreleased
NR48XYR,Released
Z1VNMTK,Complete
BPVEU55,Closed
F6P94DX,Unreleased
XCMPUYS,Complete
492RFDB,Unreleased
3ASGN0H,Released
H3DQ7T9,Unreleased
0ZES9BJ,Closed
90FZ0JR,Released
BLQ8V8O,Unreleased
XFXYYR6,Unreleased
SKNG9QP,Complete
VB5VQBZ,Closed
6IR7GGV,Unreleased
32MOUU1,Complete
YWCM6I3,Unreleased
CRUDX5H,Closed
JBPCGNN,Released
RL5YF70,Complete
9G9XC7V,Released
288N9DX,Closed
2W180FC,Closed
0UVP949,Complete
24XDHTQ,Closed
QHB4903,Complete
BADL7RB,Complete
BA7RGVF,Complete
S2JLMLP,Released
FGDGJX4,Released
ER0X2PI,Released
5BDYALM,Complete
6SDAKHU,Complete
G246H6E,Unreleased
2X99KDN,Closed
W1SFQVD,Complete
33DR4PI,Released
T9BMRZS,Unreleased
YTCHS7G,Complete
SZU9U5C,Released
CAZSOY4,Complete
GOHB8NG,Closed
V6OA30N,Released
48ND9VR,Released
DRL1BU4,Closed
SYV7HVG,Complete
ULZ7RGE,Complete
UHAVZ08,Unreleased
DJWN8YU,Complete
NDAWHZR,Complete
SODYLI9,Unreleased
T7ZMEM7,Unreleased
HSRP2ZE,Unreleased
TRQENEF,Complete
8OQDEUG,Closed
HQLMQTR,Closed
4FRE6ZB,Closed
CG5RG04,Released
T2PXLLE,Complete
PGRN66Z,Unreleased
YEQ7BP9,Complete
7MWQKQL,Closed
D15ANEO,Complete
EOODVKO,Unreleased
D8DLDXR,Released
HLGTMOF,Released
GYHGIYE,Released
ELVJQ9P,Complete
TS957J0,Closed
JIUWQMR,Unreleased
SOOSTY3,Released
Z8ABS9C,Closed
E6X10SH,Closed
DXYACM4,Unreleased
4UQ52GO,Released
P6UT0D1,Released
HH18XM2,Released
IOTTTJ5,Released
ZIVFG3K,Complete
RXF86XP,Closed
G9EDV6K,Released
S9HVGXP,Complete
8639YC3,Complete
3CDP7UT,Released
06OUFGB,Closed
BHRICY1,Complete
LJCF433,Unreleased
VGG1NMK,Unreleased
5JWB2KW,Complete
CUFTTU6,Complete
4PWVA1H,Unreleased
AMCQOXS,Unreleased
GSLXCE1,Released
HU7B1C1,Released
XI1QTKE,Complete
LX3NBM2,Unreleased
GJVHRRT,Unreleased
IQQPCY9,Released
M6FCY6S,Closed
DT2538O,Released
OAF643V,Complete
82TUKEJ,Closed
MVZQGPX,Complete
K4XGO8R,Released
G7L63RX,Closed
DB0CM6Q,Closed
M45Q5UJ,Complete
5Y6BEWO,Closed
0F1CRDC,Closed
0IB13PB,Unreleased
Z1OXWZ0,Complete
N1W6GEY,Released
FCVD5I7,Released
PNNBP3L,Unreleased
DNPSSQW,Unreleased
0DCVJ10,Closed
RQMXL01,Closed
0IW857T,Unreleased
S8AGPHQ,Released
3SQ2S40,Released
BCMJKQ0,Released
2603VQK,Complete
ZEL4AIP,Unreleased
V0SMC40,Released
AG8M7IU,Unreleased
6R1Z6F1,Unreleased
M91XP35,Complete
ZHNTSBX,Unreleased
FUW6KGW,Complete
VMQ666V,Complete
TL2RK5C,Closed
I3U5NGM,Unreleased
RW7B2I3,Closed
4GHMEXU,Released
NYFGQMH,Unreleased
VAIXAZF,Complete
HPUU65R,Released
LA81NE2,Released
X7GSVVL,Released
EJMGDD8,Released
XOU33J3,Unreleased
28OB3LE,Unreleased
JW3F2X8,Released
B7SQNED,Released
90L5R7K,Complete
6ARGDTH,Complete
LZSTS1I,Unreleased
CS7D0YX,Unreleased
Z4EASQE,Complete
I7RCY0X,Unreleased
YA7TLMX,Released
GRYHG8Q,Released
GZSX1AO,Released
WSN208U,Closed
OHGEDQS,Complete
4BDOHUC,Unreleased
3QWLTWZ,Complete
YN9FOC1,Closed
QR4WZD9,Closed
PI17JUW,Unreleased
IT2LKVQ,Released
MQZZRR4,Released
B2HG8XM,Unreleased
U30PS5G,Unreleased
IY9VR2E,Closed
1SR4KMA,Released
19ZTYTT,Closed
QB7PUEY,Closed
ROSEGG8,Closed
S8OWSOE,Released
JRVSO8R,Complete
GN0CZE8,Unreleased
TRH2F9U,Released
QAVIAEZ,Complete
ZZ9L1PI,Unreleased
DMTX6BZ,Complete
2EGYICG,Closed
FHD38QR,Complete
RQ3SSD8,Closed
EZWIPGS,Complete
SI17ALA,Released
H9ZP82E,Unreleased
83HR5QU,Unreleased
HAP9NK6,Unreleased
FT79ZVS,Released
36K7PGA,Complete
JKEVRB3,Closed
LUBXI4Y,Closed
NWC8JTO,Closed
SOVSMI1,Released
61TYF6J,Complete
QB8YOWJ,Released
4UDHEE0,Closed
NEER1C3,Released
M98VB8S,Unreleased
4KLL5HA,Released
0GV1L88,Unreleased
5CAHO8H,Released
GGZSYNN,Released
YIGBHTZ,Unreleased
5K5DFOO,Unreleased
086AQOV,Closed
23OJAUW,Unreleased
CB15FKY,Closed
JQUANB7,Released
E6OF1V7,Closed
DE5ZBX7,Unreleased
HF4LRZM,Unreleased
ZJVCQV4,Closed
LAC0T26,Released
TXS2Z9F,Complete
PMPY1RU,Unreleased
2GADGDV,Unreleased
44MWZIU,Complete
4M9VWYV,Released
ZJT6POP,Complete
7WZBJJN,Released
N64I7CY,Unreleased
6RQ3W8B,Complete
9SA5GRO,Closed
CQSLZJN,Closed
ZKNHYUQ,Unreleased
5RCFEAN,Closed
J5H2S0H,Released
OQ2O30Q,Released
RJI61OR,Unreleased
EMP4W84,Unreleased
9C6EBD0,Unreleased
D7F0RJR,Released
JMUYFQJ,Unreleased
TL5A7W8,Unreleased
6J7YG55,Complete
QYQOGYF,Unreleased
SVJDMK7,Closed
N4QSH2R,Complete
Q9Y0AYF,Complete
QKOPEWQ,Released
VLVH9OT,Released
1LQVGW4,Complete
P7OOHL3,Released
9AY3FNP,Released
HU378CS,Released
6GUU85R,Closed
YUDE4HT,Closed
UCRFJJT,Released
AV4EIHF,Unreleased
CRBVZRK,Closed
6T44EYH,Closed
N63QKZ7,Released
E4ULMGH,Closed
WBRM2GL,Released
KUYT1TA,Closed
SYCFNT1,Unreleased
649I366,Closed
8WNCHXV,Closed
HT14D2Z,Closed
UOUB8R9,Complete
6FAJYZH,Unreleased
43RIHLN,Unreleased
UPBD72J,Released
13OSX2S,Released
UUFI363,Released
0RCV4CG,Released
IPN8VB3,Complete
IYD5EFN,Unreleased
Z13AEK2,Released
1GWJB0J,Complete
XDJELYF,Complete
M3P97IB,Closed
DT6MQKP,Closed
826HKE8,Unreleased
QVXSYTY,Complete
64IZ3PZ,Complete
BQT5FM6,Complete
AFDP2U8,Complete
R9UC5OB,Complete
TZMCA6F,Complete
X8YD45S,Closed
GIIGLL4,Released
CAHNDFI,Released
IU5EPFN,Closed
LRYYB6S,Complete
MGHXZDL,Complete
RRANUPH,Closed
Z6ZUOH8,Unreleased
8IYN8H6,Released
4X7DMIK,Complete
OP0LPGE,Complete
DJ4NIQ4,Complete
83WM68X,Unreleased
3OK7UP0,Released
SVPCUNO,Complete
BF8K8VD,Complete
TKFGIHP,Closed
ZPY1W0I,Complete
L0PSSG0,Closed
B8UK6WY,Closed
M1YSXZR,Closed
B7XTPAW,Closed
W8EE68A,Complete
7LJX567,Complete
SXIARWX,Closed
I8J1CUS,Complete
E15XCAJ,Unreleased
EELBEJY,Released
39MB50Z,Closed
CP8C831,Complete
HNFURBO,Unreleased
CL68H6V,Complete
CLRSBNI,Closed
BOA8A09,Released
SQW4DRM,Closed
XRM5BAW,Unreleased
50O7AT8,Released
YHI5SWJ,Complete
RCU1UXV,Released
O70O817,Unreleased
MPSEAME,Closed
RK4S6HU,Closed
AIFFABF,Released
LPQ82HX,Unreleased
U7BI5I1,Closed
SYALPFN,Complete
6FTQIEQ,Released
TWM02HX,Released
XJ0L3YG,Released
BQURN0L,Released
BQ3BH5J,Released
V629OK6,Closed
PBH6R46,Released
7AU6RXJ,Released
9JLHNGU,Complete
BPG8ZPK,Unreleased
EFRZXAC,Complete
NS3CVEM,Closed
PS2QDXJ,Complete
CTL4ESP,Complete
EY4NWGL,Complete
676FRX3,Released
B7L4CBQ,Closed
DGTL75S,Complete
HASGL0P,Released
HBGHRXH,Unreleased
DNXQEEX,Complete
L3VSWT2,Complete
T1X1AYY,Released
77Y3QO6,Closed
EE2V1BA,Unreleased
23OQ3XR,Unreleased
XKTG49U,Unreleased
Z3QDDGC,Released
Z5NJH3Z,Released
995RRCD,Closed
VWP3WHC,Released
1RRUXNO,Unreleased
I70ZX94,Complete
RIH777F,Closed
50PF94Z,Unreleased
J7OMT5K,Released
3PI6D8D,Complete
0VSFWS7,Released
1JUDV7W,Unreleased
0WJHQV9,Closed
309CNLC,Complete
GZW69L2,Closed
FNPW2PV,Closed
E21NIMP,Unreleased
CDK7QMS,Complete
4X8CAL9,Complete
NTP1JDA,Complete
Y7OXHZ4,Complete
D9LEDU0,Complete
L8ONK6W,Complete
OHA9444,Closed
3FDYVZA,Released
4CQ4BGD,Closed
DVPIBKI,Closed
30RFZV3,Complete
6QHDB8M,Complete
JR6RZDR,Released
I2HS7TD,Unreleased
W2WUWWJ,Complete
8RHW4H8,Complete
K40XEE8,Released
NTT6QYC,Unreleased
HEPHBLM,Complete
5RYHN69,Released
15NFY2J,Unreleased
H9IU22E,Released
G24S10F,Complete
7QSIPEH,Released
3PXAN1Z,Released
YUW6G0P,Unreleased
7TVVZ9M,Complete
2X1LN60,Released
TNPVYLW,Closed
ULZK6I7,Complete
QOQ5H66,Closed
VRMHXNU,Released
YJHA5M4,Complete
F65QH0E,Closed
YWMQMRN,Complete
4N72GE1,Released
ZTP3KFY,Unreleased
5ZY6396,Unreleased
4PUNUHU,Closed
U3VR6LE,Complete
U4GTUEA,Unreleased
M4AM97L,Released
6J27TSN,Closed
39GY6HE,Closed
29NFIRL,Complete
JZW5L5M,Complete
1HPG7CF,Unreleased
26CS7YB,Complete
AMG6DYZ,Closed
66QAF3F,Complete
NF1TBO4,Released
BALUPNH,Closed
D1YDTHA,Unreleased
NUSC90O,Closed
XMQ3NYH,Unreleased
KXSZGOU,Released
L59B6V9,Released
V4F4CG2,Unreleased
D9W85YN,Complete
4E0JBBG,Complete
8HO9Y84,Closed
3DN8NWR,Released
3EGAC49,Unreleased
XTEDSDK,Released
4N1U4T7,Closed
109FY7X,Unreleased
LTAJ1HB,Unreleased
UT7YEMZ,Complete
DE20OX0,Released
22D7HTO,Unreleased
23VESH0,Unreleased
DBHQS5L,Complete
AD8DAN7,Closed
8IV8ZQC,Released
CFBRCA7,Closed
GKDZNVV,Complete
DJ7RAX9,Unreleased
NQAD66H,Released
DGB2TY4,Complete
DXESA6D,Closed
64IH2G1,Complete
MX8UQHW,Complete
FKTRM45,Unreleased
Q8TQ2ON,Closed
T4DDPN2,Closed
BDB5X56,Unreleased
Q2HVLN6,Complete
YRAYYIF,Released
S5OT9E0,Closed
MX27I4T,Closed
OPRFV32,Unreleased
7KZR222,Unreleased
3N3RX4D,Unreleased
D59SW5A,Complete
A7X5XCQ,Unreleased
7JNTS7L,Unreleased
VJPEYM1,Complete
VBRQXWB,Unreleased
2NZ0C1F,Closed
6CBDB8B,Unreleased
WGLBFKF,Unreleased
LKU3LSG,Unreleased
ZKHJNT4,Closed
R50Q2AZ,Unreleased
LYXKNV0,Closed
18H512X,Complete
JR3O2MU,Closed
3MLVFB1,Released
53WAMPV,Unreleased
HN6YM08,Unreleased
WEWF1JE,Complete
04PLSH3,Unreleased
RQ8AATA,Complete
VXNR9GJ,Complete
SKCF7G6,Unreleased
N4Z6K00,Complete
X3JSB0A,Unreleased
RCKLD6P,Released
1MGJ0QO,Unreleased
KR6RE2R,Released
A7NIAOU,Unreleased
0W2GTLE,Released
EV42YPB,Released
HJPSUX8,Complete
YL3NGFP,Unreleased
AXCZ7DO,Closed
WK6BIEB,Complete
PIH9VWP,Closed
0ZTQT3C,Unreleased
KL03FS5,Complete
U3R717R,Complete
UTLWVL5,Closed
QAVIAEZ,Released
2EGYICG,Unreleased
FHD38QR,Released
RQ3SSD8,Unreleased
EZWIPGS,Unreleased
SI17ALA,Complete
H9ZP82E,Closed
83HR5QU,Complete
HAP9NK6,Complete
36K7PGA,Unreleased
JKEVRB3,Released
LUBXI4Y,Unreleased
NWC8JTO,Complete
SOVSMI1,Complete
61TYF6J,Closed
QB8YOWJ,Closed
4UDHEE0,Complete
NEER1C3,Complete
M98VB8S,Closed
4KLL5HA,Closed
5CAHO8H,Complete
GGZSYNN,Complete
YIGBHTZ,Complete
086AQOV,Complete
23OJAUW,Closed
JQUANB7,Unreleased
DE5ZBX7,Closed
HF4LRZM,Released
TXS2Z9F,Closed
PMPY1RU,Closed
44MWZIU,Released
4M9VWYV,Complete
N64I7CY,Closed
9SA5GRO,Unreleased
CQSLZJN,Released
ZKNHYUQ,Released
J5H2S0H,Complete
OQ2O30Q,Unreleased
RJI61OR,Closed
EMP4W84,Closed
9C6EBD0,Closed
JMUYFQJ,Closed
TL5A7W8,Closed
QYQOGYF,Released
N4QSH2R,Unreleased
Q9Y0AYF,Closed
QKOPEWQ,Closed
VLVH9OT,Unreleased
1LQVGW4,Released
9AY3FNP,Closed
6GUU85R,Complete
UCRFJJT,Unreleased
CRBVZRK,Unreleased
6T44EYH,Released
N63QKZ7,Unreleased
E4ULMGH,Released
WBRM2GL,Unreleased
KUYT1TA,Released
SYCFNT1,Closed
8WNCHXV,Released
HT14D2Z,Unreleased
UOUB8R9,Released
6FAJYZH,Released
43RIHLN,Closed
UPBD72J,Unreleased
UUFI363,Unreleased
0RCV4CG,Unreleased
IPN8VB3,Released
IYD5EFN,Closed
1GWJB0J,Released
XDJELYF,Unreleased
M3P97IB,Complete
DT6MQKP,Released
826HKE8,Released
64IZ3PZ,Released
BQT5FM6,Released
R9UC5OB,Released
TZMCA6F,Closed
GIIGLL4,Unreleased
MGHXZDL,Unreleased
8IYN8H6,Complete
4X7DMIK,Released
OP0LPGE,Unreleased
DJ4NIQ4,Released
83WM68X,Complete
BF8K8VD,Closed
ZPY1W0I,Unreleased
L0PSSG0,Unreleased
B8UK6WY,Complete
M1YSXZR,Unreleased
B7XTPAW,Unreleased
SXIARWX,Released
I8J1CUS,Released
E15XCAJ,Released
CP8C831,Unreleased
CLRSBNI,Released
SQW4DRM,Complete
XRM5BAW,Complete
50O7AT8,Closed
YHI5SWJ,Released
RCU1UXV,Closed
O70O817,Closed
MPSEAME,Unreleased
AIFFABF,Unreleased
LPQ82HX,Closed
U7BI5I1,Complete
SYALPFN,Unreleased
6FTQIEQ,Closed
XJ0L3YG,Unreleased
BQ3BH5J,Closed
PBH6R46,Closed
7AU6RXJ,Closed
9JLHNGU,Closed
BPG8ZPK,Released
EFRZXAC,Released
NS3CVEM,Unreleased
CTL4ESP,Released
EY4NWGL,Closed
676FRX3,Complete
B7L4CBQ,Released
DGTL75S,Released
HASGL0P,Complete
DNXQEEX,Unreleased
L3VSWT2,Unreleased
77Y3QO6,Unreleased
EE2V1BA,Complete
23OQ3XR,Complete
XKTG49U,Released
Z3QDDGC,Complete
995RRCD,Unreleased
VWP3WHC,Unreleased
1RRUXNO,Released
I70ZX94,Unreleased
RIH777F,Released
3PI6D8D,Unreleased
1JUDV7W,Closed
0WJHQV9,Unreleased
309CNLC,Closed
GZW69L2,Released
FNPW2PV,Complete
E21NIMP,Released
CDK7QMS,Closed
4X8CAL9,Unreleased
Y7OXHZ4,Unreleased
D9LEDU0,Closed
L8ONK6W,Closed
OHA9444,Unreleased
3FDYVZA,Closed
4CQ4BGD,Complete
DVPIBKI,Released
30RFZV3,Unreleased
6QHDB8M,Released
JR6RZDR,Complete
I2HS7TD,Complete
W2WUWWJ,Closed
8RHW4H8,Released
K40XEE8,Complete
NTT6QYC,Closed
5RYHN69,Closed
15NFY2J,Released
7QSIPEH,Complete
3PXAN1Z,Complete
7TVVZ9M,Released
2X1LN60,Complete
TNPVYLW,Complete
ULZK6I7,Released
VRMHXNU,Closed
F65QH0E,Complete
YWMQMRN,Closed
4N72GE1,Complete
ZTP3KFY,Closed
5ZY6396,Complete
4PUNUHU,Complete
U3VR6LE,Closed
M4AM97L,Closed
6J27TSN,Unreleased
39GY6HE,Complete
29NFIRL,Closed
1HPG7CF,Complete
26CS7YB,Released
AMG6DYZ,Released
66QAF3F,Closed
NF1TBO4,Complete
BALUPNH,Released
D1YDTHA,Released
NUSC90O,Released
XMQ3NYH,Released
V4F4CG2,Complete
D9W85YN,Released
4E0JBBG,Released
3DN8NWR,Unreleased
3EGAC49,Released
4N1U4T7,Released
109FY7X,Released
LTAJ1HB,Closed
DE20OX0,Closed
22D7HTO,Closed
23VESH0,Closed
DBHQS5L,Released
8IV8ZQC,Closed
CFBRCA7,Unreleased
GKDZNVV,Closed
DJ7RAX9,Closed
NQAD66H,Closed
DGB2TY4,Released
DXESA6D,Unreleased
64IH2G1,Unreleased
MX8UQHW,Closed
FKTRM45,Complete
Q8TQ2ON,Unreleased
Q2HVLN6,Released
S5OT9E0,Complete
OPRFV32,Closed
3N3RX4D,Released
D59SW5A,Unreleased
A7X5XCQ,Complete
7JNTS7L,Closed
VJPEYM1,Unreleased
VBRQXWB,Complete
2NZ0C1F,Unreleased
6CBDB8B,Released
WGLBFKF,Closed
ZKHJNT4,Released
R50Q2AZ,Released
LYXKNV0,Complete
18H512X,Released
JR3O2MU,Complete
3MLVFB1,Complete
HN6YM08,Closed
04PLSH3,Complete
RQ8AATA,Unreleased
VXNR9GJ,Closed
SKCF7G6,Complete
N4Z6K00,Released
RCKLD6P,Closed
1MGJ0QO,Released
KR6RE2R,Closed
A7NIAOU,Released
0W2GTLE,Complete
HJPSUX8,Closed
WK6BIEB,Unreleased
0ZTQT3C,Complete
UTLWVL5,Unreleased
4Z6E21F,Released
4EZH6A2,Complete
BY62OLI,Unreleased
8US6LD7,Complete
V4C8VYE,Complete
HNGVYWY,Closed
N6HEVC1,Closed
TLDN0UJ,Released
1Y27W4M,Unreleased
B56S0J9,Closed
VHJ5CYF,Complete
ZICK3FX,Unreleased
ROOUFQ2,Unreleased
K0NH256,Unreleased
24DPL6H,Closed
X8G46V9,Complete
B5ND809,Unreleased
B0193AB,Complete
2VRVDZN,Closed
A6TREZD,Released
MQG43JS,Released
8IEMIJ2,Complete
7SK4EY8,Closed
7Z1KVX2,Closed
A61LFTG,Unreleased
X2MVXIS,Complete
N32WDUY,Complete
MQES8AK,Closed
5THMZZ9,Closed
2ZP2SRV,Released
XFOQTQ8,Unreleased
KGMDQQC,Closed
Q4GT3TN,Unreleased
A333ENO,Released
PWYLUST,Released
STFSGZK,Unreleased
VGLUZU2,Unreleased
A2MLLUK,Unreleased
QZDLKKC,Complete
2DRM7RA,Released
UPNOGKC,Released
TB77WFB,Complete
42KK5ZM,Closed
NQ7SVYU,Unreleased
WLLDTE0,Closed
3N4MOOG,Complete
WJRCK01,Closed
9DPMC4A,Complete
D3KHRLI,Complete
OT1YG46,Closed
X3QR966,Unreleased
TU2DBGD,Closed
05F08SV,Complete
VQA11SA,Unreleased
KQWOKA6,Unreleased
A1WRCUM,Complete
9Y9MDJE,Unreleased
ZMG8YGY,Released
PFKWZ2V,Complete
AK2HFP6,Closed
3DU0CCQ,Unreleased
CWMEHHR,Closed
ZL9E7NJ,Released
RGW74QS,Closed
VSC0NSG,Complete
9K0NGOV,Released
OJMME67,Unreleased
SVK0P90,Released
8H89BFU,Complete
9VPMQT8,Unreleased
AWT9382,Complete
KOPRBKQ,Unreleased
233UKMR,Released
U4JHZ6O,Released
7NZ7G72,Complete
NV8C8I1,Released
XLQ9CBH,Unreleased
9WKI0YR,Complete
7XKPT0Q,Complete
MYNGP44,Unreleased
58DKU8X,Complete
CZJ4XZ4,Complete
NVVWIUF,Unreleased
JACIKFP,Closed
5N7IVF9,Complete
0D8DXNZ,Complete
AXDZ7BM,Closed
B2DL31V,Released
3V36P89,Closed
RZPHTP7,Unreleased
QIK28WM,Closed
FNUHRVH,Unreleased
TOAVVNY,Unreleased
I6ITS8G,Closed
QH2IJAF,Released
SRFG9D6,Complete
FNNJNJ0,Closed
40OPF3D,Complete
3YU8IWM,Closed
AOJ0RDG,Released
18EDAJL,Unreleased
16BFA3R,Closed
9CV9EK0,Released
T22RXUH,Released
1Z1M9NK,Closed
LWGNS5S,Complete
0BOHNAR,Complete
T6NDHFV,Released
K7FHPZR,Released
WTKQUVE,Unreleased
4TNOZA0,Complete
ASDPGQH,Unreleased
ATRH18O,Released
8IBUM4V,Released
1ZKQJAY,Closed
3PUVCDA,Unreleased
L98P75C,Unreleased
69GMZPH,Closed
TQOWRSR,Unreleased
CF6M8F0,Complete
CNO2V6N,Released
7EUMK4V,Closed
VI601GJ,Unreleased
UKGO1ZT,Closed
T4TTRS9,Unreleased
AGCJY1E,Closed
PCBABEE,Complete
21LL2V6,Released
X5RZWQZ,Released
KY4GIB9,Released
HNWXEX3,Closed
G5SMSQW,Closed
98D3DFC,Complete
EY1EI88,Released
XO6QOS2,Unreleased
5AMIZ86,Released
XTP9P5C,Unreleased
D1J3JZH,Closed
UKRXP99,Closed
NTPE8VM,Released
61Y1BQD,Closed
Q70ERMC,Unreleased
TOU5510,Unreleased
OLAMSW6,Complete
OO79H1V,Closed
T0ZTFCT,Closed
L1F92VS,Complete
MPK8J3J,Closed
ZYUQ13B,Closed
9MD2FHN,Released
R6ZUKZU,Complete
RR5TSJB,Unreleased
EFUUDIL,Unreleased
A9J6P9V,Closed
S2O2NBJ,Unreleased
I1VDLBP,Unreleased
W8OLI8N,Complete
PV6ZZBG,Closed
L8UEJLT,Released
SY50QRG,Unreleased
D6EF5R2,Unreleased
80WVN2H,Closed
2R5CEQ1,Complete
I6HASCE,Unreleased
CG4PWCR,Released
F5EC6S9,Unreleased
S5PYFHU,Unreleased
FC486ZT,Closed
P9B9V12,Closed
PUC5CD4,Unreleased
NOTQET1,Released
6R9WGUM,Unreleased
LAJ58SI,Complete
V7Q13C5,Released
2RJVOZM,Closed
UT4YHY5,Closed
9SAJLEY,Complete
NVA5EB1,Unreleased
XEQOG42,Complete
GYVQV1M,Unreleased
16FD9H2,Complete
VYE5OFB,Unreleased
9FA6N3X,Unreleased
2VTE45M,Complete
9JHY25Q,Complete
67XIA2X,Released
T9FQNYE,Complete
ZPSQ3T1,Closed
9CJ2O4U,Unreleased
AKSOFLS,Closed
OS6REGC,Released
2PRGDZC,Unreleased
7H4UX0F,Unreleased
LQ9FU5D,Released
D9TZZS7,Closed
CKF5V92,Closed
YAP84E9,Closed
PKUNH6O,Released
D1NB7IQ,Released
BFKZNQE,Released
QNSV072,Closed
G1N31TF,Released
X44E1SS,Released
4FMT1MG,Released
SXI7GIH,Complete
UUO28Q2,Released
ZNPBMYT,Complete
1RVV0JG,Closed
J1FFH8E,Unreleased
PIUZ671,Released
5OXX9EF,Complete
650FOV3,Closed
U1G12XK,Unreleased
7NZWL8Z,Unreleased
DTBGDCP,Closed
MH9IQVW,Complete
706LOH2,Closed
TAW39WP,Released
584O6PU,Closed
VIO4D1K,Closed
B590MHU,Closed
9QNC9XH,Unreleased
CDW215F,Closed
PQYFCCX,Unreleased
ZF6DB9D,Unreleased
HP5GAFL,Closed
31JJY10,Unreleased
KUVNKQY,Released
KE3EOEN,Released
P6UL25I,Complete
ZEJ1BLM,Unreleased
QI7ASQJ,Complete
IYPBGKJ,Complete
RBVUSAY,Closed
EOJMANM,Complete
QTXT0EQ,Closed
TI0YG0S,Closed
ZNSC7CP,Unreleased
686CI6M,Unreleased
0MIDDS8,Closed
9ST80IY,Released
IXE7OQS,Released
63ZQXBU,Complete
C6KZDTB,Complete
LTKXU9M,Released
UUZRA9N,Complete
VDX0SY6,Complete
BK87UQF,Complete
PTQW50W,Unreleased
J7KFFAN,Unreleased
OL6LQ28,Unreleased
5EF7T4E,Complete
L1J6OQH,Closed
NIXATV8,Closed
GISTO66,Unreleased
7G3X5B7,Complete
R4P85VL,Complete
CYTG0B3,Closed
2BAFKZ7,Released
1ZI8GXF,Released
O1FTM22,Complete
9ZQGO1Q,Unreleased
NPSFG3U,Closed
EV4UYNY,Released
W4HKMV1,Unreleased
2JAL5QK,Released
OAF6X8A,Complete
4YMXXSU,Closed
Z44V2QW,Closed
33PP1D3,Released
K9039QY,Released
J5LLECQ,Complete
7EV3GJ4,Unreleased
YN2LP8G,Released
YG8GZ4X,Unreleased
R721OY0,Closed
91SW0E1,Unreleased
U5DD9WQ,Released
QIZNGJS,Complete
8KSZC3H,Closed
EQDF3MW,Closed
GXHEHCD,Complete
XMDWIKH,Released
S7RR3EX,Unreleased
J01ZVTR,Unreleased
W1PNBDL,Released
KHAXZG3,Unreleased
RENE586,Closed
YCB94KU,Unreleased
I80RF6T,Released
WLI8EQ1,Complete
840ITUS,Released
2O6PXOR,Complete
IMOKK21,Complete
5IOYPXB,Unreleased
4EJVTIX,Complete
V7MGIZE,Closed
96LXURP,Unreleased
BZ7BV64,Complete
BFSFSXU,Unreleased
CH9PL9M,Released
8MX6ZGC,Unreleased
59G8LO3,Closed
MTAZN7V,Unreleased
X367BX4,Unreleased
78YU7ON,Closed
L6PD8NP,Closed
K7WDEJG,Released
NZD0DE6,Complete
OH545OD,Closed
Q74EXEH,Unreleased
S9R1PLE,Complete
UVA91J0,Closed
ARJ9BTW,Released
SD7P1M8,Released
8SOZH2I,Released
GOUUSBE,Released
Z9DE58X,Closed
BGW3VPB,Complete
ILA68CY,Unreleased
LDZG0RP,Closed
SY3GHGZ,Complete
R4XAQV3,Unreleased
D6R4VDS,Complete
0SIPRLO,Unreleased
35LY3B0,Released
QPCPYKL,Released
KK55NVQ,Complete
4D55RE5,Unreleased
3D0ZGAP,Unreleased
J7DYQL0,Released
0F9BB41,Unreleased
L8PVL8M,Complete
R4RWMR1,Unreleased
UGLIL78,Unreleased
1QIJP7A,Unreleased
WTK0Q58,Released
NHOGRNR,Released
R7P9DOQ,Released
57AWNYN,Closed
HY6SY2I,Released
17M6M4W,Unreleased
8CRLWO3,Unreleased
KB8XT2N,Released
RUSGL8V,Closed
4ROE0MY,Closed
XTRQIKT,Complete
IFUCNWN,Unreleased
J1OKT8P,Unreleased
00Q8DQF,Unreleased
8D51RID,Unreleased
TYRIUN5,Released
NEJOE9K,Unreleased
571KNL9,Unreleased
C9O5LIV,Closed
NANU7KA,Unreleased
RN68KBE,Unreleased
CM91R8D,Unreleased
2TZIYHS,Closed
6NFFOMF,Closed
TKTM50Y,Closed
RVD3YIX,Complete
FBI5B5G,Unreleased
DM9OYCM,Complete
QMUGEWG,Released
RJQHJT4,Closed
QHCXNKV,Unreleased
WK5BUAR,Unreleased
J6F8YIR,Unreleased
QIPE84I,Unreleased
HZ5NE8A,Released
DGWMXJ9,Released
F930OAW,Closed
XY1WQ6N,Unreleased
2T2SQ7A,Released
819SRC1,Released
MHU5RYB,Complete
BUQ5A9A,Complete
7TY7U5A,Complete
147EFSQ,Unreleased
DS7KVSN,Complete
UD4XYY4,Released
RXYJT63,Unreleased
DLZ1AA4,Released
HC5QSB1,Unreleased
OGD0WH6,Unreleased
0QTJY8X,Unreleased
0JJHOQ7,Unreleased
32E0KHW,Closed
SA2HQYO,Closed
0EL15PB,Released
74IL1HQ,Complete
W8GNNV1,Closed
H0A1PTH,Released
OEAKN59,Unreleased
ELNTHE2,Closed
AR6XS1Z,Released
L0LKTZJ,Complete
PRWI0MZ,Unreleased
I4YNLL6,Closed
KPB6R8B,Released
CLCFGKP,Complete
CFLT5TY,Released
L29QOFJ,Closed
NE6G9T0,Closed
D8EWSZA,Unreleased
UEB3SSD,Released
Q0CEDY6,Unreleased
Y1CLWE0,Closed
Z55PJUQ,Complete
SRGJE56,Released
GFPCHJF,Complete
7HB4RBQ,Closed
6DG2V6H,Closed
L8GDH98,Released
XIDRCX9,Released
G2QR6CC,Released
ZRI0EC1,Released
BO2JRD0,Closed
QM7V152,Closed
KM8HE1Q,Closed
1MWVVP6,Released
8E4MPSP,Released
W3TJETR,Unreleased
OJYVM7T,Complete
V6R4MUO,Unreleased
A4OFLJK,Released
4AXFS53,Complete
2ENW7I8,Closed
9UA4EPL,Closed
TUZR8CF,Closed
XWWDBFY,Released
GIUTHTF,Unreleased
96XTRXB,Closed
BM862FK,Closed
PIP9QBB,Unreleased
IPOUI8O,Released
S9NK169,Unreleased
SEFGSAX,Complete
DHJ5C4C,Unreleased
38CAAE6,Unreleased
KCZJNVY,Complete
W68CMC6,Closed
GENDW7D,Closed
Y63ILXL,Released
WCCTPTL,Complete
27W7WDI,Complete
L1S9WSK,Closed
TTKQW9S,Released
IO8M2OS,Released
DBNLDVJ,Closed
LNUAWS0,Closed
EE5HWOD,Complete
9FKZK2E,Unreleased
SL57SVO,Closed
PL5Q0YW,Closed
0VQWLN9,Complete
U307NGZ,Unreleased
ETNWNW7,Unreleased
95NSGU9,Unreleased
Z1VNMTK,Released
BPVEU55,Released
F6P94DX,Closed
XCMPUYS,Released
3ASGN0H,Unreleased
H3DQ7T9,Closed
XFXYYR6,Closed
SKNG9QP,Released
VB5VQBZ,Unreleased
6IR7GGV,Closed
32MOUU1,Unreleased
CRUDX5H,Complete
JBPCGNN,Complete
288N9DX,Unreleased
2W180FC,Unreleased
0UVP949,Unreleased
24XDHTQ,Complete
QHB4903,Released
BADL7RB,Closed
BA7RGVF,Released
S2JLMLP,Complete
ER0X2PI,Complete
5BDYALM,Unreleased
6SDAKHU,Closed
G246H6E,Released
2X99KDN,Unreleased
W1SFQVD,Released
T9BMRZS,Closed
YTCHS7G,Released
CAZSOY4,Released
GOHB8NG,Unreleased
V6OA30N,Closed
48ND9VR,Unreleased
DRL1BU4,Complete
SYV7HVG,Unreleased
ULZ7RGE,Closed
DJWN8YU,Unreleased
NDAWHZR,Released
SODYLI9,Closed
T7ZMEM7,Complete
HSRP2ZE,Closed
TRQENEF,Closed
8OQDEUG,Unreleased
4FRE6ZB,Complete
CG5RG04,Unreleased
T2PXLLE,Closed
PGRN66Z,Closed
7MWQKQL,Released
D15ANEO,Unreleased
EOODVKO,Closed
GYHGIYE,Unreleased
ELVJQ9P,Released
TS957J0,Released
SOOSTY3,Closed
Z8ABS9C,Released
E6X10SH,Unreleased
DXYACM4,Closed
4UQ52GO,Complete
P6UT0D1,Unreleased
IOTTTJ5,Complete
G9EDV6K,Complete
S9HVGXP,Released
3CDP7UT,Complete
06OUFGB,Released
LJCF433,Closed
VGG1NMK,Released
CUFTTU6,Closed
4PWVA1H,Released
AMCQOXS,Released
GSLXCE1,Closed
HU7B1C1,Unreleased
XI1QTKE,Released
LX3NBM2,Released
IQQPCY9,Complete
M6FCY6S,Released
DT2538O,Complete
82TUKEJ,Unreleased
MVZQGPX,Released
K4XGO8R,Complete
G7L63RX,Unreleased
DB0CM6Q,Complete
M45Q5UJ,Released
0F1CRDC,Complete
0IB13PB,Closed
Z1OXWZ0,Closed
N1W6GEY,Closed
FCVD5I7,Unreleased
PNNBP3L,Complete
DNPSSQW,Closed
RQMXL01,Released
0IW857T,Released
3SQ2S40,Closed
BCMJKQ0,Closed
2603VQK,Released
ZEL4AIP,Released
V0SMC40,Unreleased
6R1Z6F1,Complete
ZHNTSBX,Released
VMQ666V,Closed
TL2RK5C,Unreleased
I3U5NGM,Complete
RW7B2I3,Unreleased
4GHMEXU,Unreleased
NYFGQMH,Released
VAIXAZF,Closed
LA81NE2,Closed
X7GSVVL,Closed
EJMGDD8,Closed
28OB3LE,Released
JW3F2X8,Closed
B7SQNED,Closed
6ARGDTH,Unreleased
LZSTS1I,Complete
Z4EASQE,Unreleased
GRYHG8Q,Unreleased
GZSX1AO,Unreleased
4BDOHUC,Closed
3QWLTWZ,Released
YN9FOC1,Released
QR4WZD9,Complete
MQZZRR4,Complete
B2HG8XM,Released
IY9VR2E,Unreleased
1SR4KMA,Complete
QB7PUEY,Complete
S8OWSOE,Complete
JRVSO8R,Closed
GN0CZE8,Complete
TRH2F9U,Unreleased
QAVIAEZ,Unreleased
ZZ9L1PI,Released
DMTX6BZ,Released
FHD38QR,Unreleased
RQ3SSD8,Released
H9ZP82E,Complete
FT79ZVS,Unreleased
36K7PGA,Closed
LUBXI4Y,Complete
61TYF6J,Unreleased
QB8YOWJ,Complete
NEER1C3,Closed
M98VB8S,Released
GGZSYNN,Closed
5K5DFOO,Released
086AQOV,Released
JQUANB7,Complete
E6OF1V7,Unreleased
DE5ZBX7,Released
HF4LRZM,Complete
ZJVCQV4,Complete
LAC0T26,Unreleased
TXS2Z9F,Unreleased
44MWZIU,Unreleased
4M9VWYV,Closed
ZJT6POP,Released
7WZBJJN,Closed
6RQ3W8B,Released
CQSLZJN,Complete
ZKNHYUQ,Complete
5RCFEAN,Complete
J5H2S0H,Closed
EMP4W84,Complete
9C6EBD0,Complete
D7F0RJR,Closed
TL5A7W8,Released
6J7YG55,Released
QKOPEWQ,Unreleased
VLVH9OT,Closed
P7OOHL3,Complete
9AY3FNP,Complete
YUDE4HT,Complete
AV4EIHF,Complete
CRBVZRK,Complete
E4ULMGH,Unreleased
WBRM2GL,Complete
SYCFNT1,Complete
HT14D2Z,Released
UOUB8R9,Closed
UPBD72J,Closed
13OSX2S,Complete
IPN8VB3,Unreleased
IYD5EFN,Complete
1GWJB0J,Closed
M3P97IB,Unreleased
DT6MQKP,Complete
BQT5FM6,Closed
AFDP2U8,Closed
TZMCA6F,Released
X8YD45S,Complete
CAHNDFI,Unreleased
IU5EPFN,Released
LRYYB6S,Closed
MGHXZDL,Released
RRANUPH,Complete
Z6ZUOH8,Released
8IYN8H6,Closed
4X7DMIK,Closed
SVPCUNO,Unreleased
TKFGIHP,Complete
W8EE68A,Unreleased
I8J1CUS,Unreleased
E15XCAJ,Complete
HNFURBO,Complete
CL68H6V,Closed
BOA8A09,Unreleased
SQW4DRM,Unreleased
RCU1UXV,Unreleased
O70O817,Complete
MPSEAME,Complete
RK4S6HU,Unreleased
U7BI5I1,Released
SYALPFN,Closed
TWM02HX,Complete
XJ0L3YG,Complete
BQURN0L,Closed
PBH6R46,Unreleased
BPG8ZPK,Complete
PS2QDXJ,Unreleased
CTL4ESP,Closed
HBGHRXH,Closed
DNXQEEX,Closed
L3VSWT2,Released
T1X1AYY,Unreleased
EE2V1BA,Closed
XKTG49U,Closed
Z3QDDGC,Unreleased
Z5NJH3Z,Closed
VWP3WHC,Complete
I70ZX94,Closed
RIH777F,Complete
50PF94Z,Complete
J7OMT5K,Complete
3PI6D8D,Released
0VSFWS7,Complete
0WJHQV9,Released
E21NIMP,Closed
CDK7QMS,Unreleased
4X8CAL9,Closed
NTP1JDA,Unreleased
D9LEDU0,Released
L8ONK6W,Unreleased
OHA9444,Released
DVPIBKI,Complete
30RFZV3,Released
6QHDB8M,Closed
JR6RZDR,Unreleased
I2HS7TD,Released
8RHW4H8,Unreleased
K40XEE8,Closed
HEPHBLM,Unreleased
15NFY2J,Complete
H9IU22E,Closed
7QSIPEH,Unreleased
2X1LN60,Unreleased
TNPVYLW,Released
QOQ5H66,Unreleased
ZTP3KFY,Complete
U4GTUEA,Closed
JZW5L5M,Unreleased
26CS7YB,Closed
AMG6DYZ,Unreleased
NF1TBO4,Unreleased
BALUPNH,Unreleased
D1YDTHA,Closed
KXSZGOU,Closed
L59B6V9,Unreleased
D9W85YN,Unreleased
4E0JBBG,Closed
8HO9Y84,Complete
3DN8NWR,Complete
3EGAC49,Complete
XTEDSDK,Unreleased
22D7HTO,Released
DBHQS5L,Unreleased
GKDZNVV,Unreleased
DJ7RAX9,Complete
NQAD66H,Complete
DGB2TY4,Closed
DXESA6D,Released
64IH2G1,Closed
BDB5X56,Released
Q2HVLN6,Closed
YRAYYIF,Unreleased
S5OT9E0,Unreleased
OPRFV32,Released
7KZR222,Released
3N3RX4D,Complete
VBRQXWB,Released
2NZ0C1F,Released
6CBDB8B,Closed
LKU3LSG,Released
ZKHJNT4,Unreleased
R50Q2AZ,Closed
LYXKNV0,Released
18H512X,Unreleased
JR3O2MU,Unreleased
HN6YM08,Released
WEWF1JE,Released
VXNR9GJ,Released
N4Z6K00,Closed
X3JSB0A,Released
KR6RE2R,Unreleased
0W2GTLE,Closed
HJPSUX8,Unreleased
YL3NGFP,Complete
AXCZ7DO,Unreleased
WK6BIEB,Closed
PIH9VWP,Released
KL03FS5,Released
U3R717R,Released
4Z6E21F,Complete
4EZH6A2,Released
BY62OLI,Released
8US6LD7,Released
N6HEVC1,Unreleased
TLDN0UJ,Closed
1Y27W4M,Closed
B56S0J9,Released
ROOUFQ2,Complete
24DPL6H,Released
X8G46V9,Closed
A6TREZD,Complete
8IEMIJ2,Unreleased
7Z1KVX2,Released
A61LFTG,Released
MQES8AK,Released
5THMZZ9,Released
2ZP2SRV,Complete
XFOQTQ8,Released
KGMDQQC,Released
VGLUZU2,Complete
A2MLLUK,Closed
QZDLKKC,Closed
2DRM7RA,Complete
UPNOGKC,Closed
TB77WFB,Unreleased
42KK5ZM,Released
D3KHRLI,Unreleased
05F08SV,Unreleased
VQA11SA,Complete
KQWOKA6,Released
A1WRCUM,Unreleased
9Y9MDJE,Closed
ZMG8YGY,Closed
3DU0CCQ,Released
CWMEHHR,Unreleased
ZL9E7NJ,Unreleased
RGW74QS,Released
VSC0NSG,Released
9K0NGOV,Unreleased
OJMME67,Released
SVK0P90,Complete
8H89BFU,Closed
9VPMQT8,Released
AWT9382,Closed
KOPRBKQ,Released
U4JHZ6O,Closed
7NZ7G72,Closed
NV8C8I1,Unreleased
7XKPT0Q,Closed
MYNGP44,Complete
58DKU8X,Closed
NVVWIUF,Complete
JACIKFP,Complete
5N7IVF9,Closed
AXDZ7BM,Unreleased
QIK28WM,Released
TOAVVNY,Closed
I6ITS8G,Unreleased
QH2IJAF,Complete
SRFG9D6,Unreleased
40OPF3D,Closed
3YU8IWM,Complete
AOJ0RDG,Complete
T22RXUH,Unreleased
1Z1M9NK,Complete
LWGNS5S,Released
0BOHNAR,Unreleased
T6NDHFV,Unreleased
K7FHPZR,Complete
WTKQUVE,Closed
4TNOZA0,Released
ASDPGQH,Closed
ATRH18O,Unreleased
8IBUM4V,Closed
L98P75C,Complete
69GMZPH,Complete
TQOWRSR,Released
CF6M8F0,Unreleased
7EUMK4V,Released
VI601GJ,Complete
UKGO1ZT,Unreleased
T4TTRS9,Complete
AGCJY1E,Unreleased
21LL2V6,Closed
X5RZWQZ,Unreleased
KY4GIB9,Unreleased
HNWXEX3,Unreleased
G5SMSQW,Released
98D3DFC,Unreleased
EY1EI88,Complete
XO6QOS2,Complete
5AMIZ86,Closed
XTP9P5C,Complete
D1J3JZH,Complete
NTPE8VM,Complete
61Y1BQD,Complete
TOU5510,Complete
OLAMSW6,Released
T0ZTFCT,Released
MPK8J3J,Released
9MD2FHN,Complete
EFUUDIL,Complete
A9J6P9V,Complete
S2O2NBJ,Released
I1VDLBP,Released
W8OLI8N,Unreleased
PV6ZZBG,Complete
L8UEJLT,Closed
SY50QRG,Complete
D6EF5R2,Closed
80WVN2H,Released
2R5CEQ1,Closed
I6HASCE,Complete
F5EC6S9,Complete
S5PYFHU,Closed
P9B9V12,Complete
PUC5CD4,Released
NOTQET1,Complete
6R9WGUM,Complete
LAJ58SI,Unreleased
V7Q13C5,Closed
2RJVOZM,Complete
UT4YHY5,Released
9SAJLEY,Unreleased
NVA5EB1,Complete
16FD9H2,Unreleased
VYE5OFB,Released
9FA6N3X,Closed
2VTE45M,Closed
9JHY25Q,Unreleased
67XIA2X,Unreleased
T9FQNYE,Closed
ZPSQ3T1,Released
9CJ2O4U,Complete
AKSOFLS,Released
OS6REGC,Unreleased
7H4UX0F,Complete
LQ9FU5D,Closed
YAP84E9,Unreleased
PKUNH6O,Closed
D1NB7IQ,Complete
BFKZNQE,Unreleased
QNSV072,Complete
G1N31TF,Closed
SXI7GIH,Released
ZNPBMYT,Closed
1RVV0JG,Unreleased
PIUZ671,Closed
5OXX9EF,Closed
650FOV3,Released
U1G12XK,Released
7NZWL8Z,Closed
MH9IQVW,Released
706LOH2,Unreleased
B590MHU,Complete
9QNC9XH,Closed
CDW215F,Unreleased
ZF6DB9D,Released
31JJY10,Released
KUVNKQY,Complete
KE3EOEN,Unreleased
P6UL25I,Closed
QI7ASQJ,Released
RBVUSAY,Complete
EOJMANM,Released
QTXT0EQ,Complete
ZNSC7CP,Closed
0MIDDS8,Complete
9ST80IY,Unreleased
IXE7OQS,Complete
63ZQXBU,Unreleased
C6KZDTB,Released
LTKXU9M,Complete
UUZRA9N,Released
PTQW50W,Complete
J7KFFAN,Closed
5EF7T4E,Closed
L1J6OQH,Complete
NIXATV8,Unreleased
GISTO66,Closed
7G3X5B7,Unreleased
R4P85VL,Released
2BAFKZ7,Unreleased
1ZI8GXF,Unreleased
O1FTM22,Closed
NPSFG3U,Complete
EV4UYNY,Closed
W4HKMV1,Closed
2JAL5QK,Unreleased
OAF6X8A,Released
4YMXXSU,Complete
Z44V2QW,Unreleased
33PP1D3,Complete
J5LLECQ,Closed
YN2LP8G,Complete
YG8GZ4X,Complete
91SW0E1,Complete
U5DD9WQ,Closed
GXHEHCD,Closed
S7RR3EX,Complete
J01ZVTR,Released
W1PNBDL,Unreleased
KHAXZG3,Closed
YCB94KU,Complete
WLI8EQ1,Unreleased
840ITUS,Unreleased
2O6PXOR,Closed
IMOKK21,Unreleased
5IOYPXB,Released
4EJVTIX,Released
96LXURP,Closed
BZ7BV64,Unreleased
8MX6ZGC,Complete
59G8LO3,Released
MTAZN7V,Complete
X367BX4,Closed
L6PD8NP,Released
K7WDEJG,Unreleased
Q74EXEH,Complete
ARJ9BTW,Unreleased
SD7P1M8,Complete
8SOZH2I,Unreleased
GOUUSBE,Unreleased
Z9DE58X,Complete
BGW3VPB,Released
LDZG0RP,Unreleased
SY3GHGZ,Unreleased
R4XAQV3,Complete
D6R4VDS,Released
0SIPRLO,Complete
35LY3B0,Complete
QPCPYKL,Complete
4D55RE5,Released
0F9BB41,Closed
L8PVL8M,Unreleased
R7P9DOQ,Unreleased
Z2MGFQT,Complete
H7O2NIU,Released
HY6SY2I,Unreleased
17M6M4W,Complete
ULJQY9R,Unreleased
KB8XT2N,Closed
UFP6AGO,Complete
VNABJC0,Released
XTRQIKT,Closed
J1OKT8P,Closed
00Q8DQF,Closed
2JGRNZU,Released
TYRIUN5,Complete
WO6UNOE,Unreleased
WCOJTKH,Unreleased
J0IFANM,Unreleased
NANU7KA,Released
NTTPGVE,Unreleased
2TZIYHS,Released
TKTM50Y,Unreleased
RVD3YIX,Released
RJQHJT4,Unreleased
QHCXNKV,Complete
WK5BUAR,Complete
J6F8YIR,Complete
HZ5NE8A,Closed
DGWMXJ9,Unreleased
F930OAW,Released
XY1WQ6N,Released
2T2SQ7A,Complete
819SRC1,Unreleased
BUQ5A9A,Released
7TY7U5A,Closed
147EFSQ,Released
DS7KVSN,Closed
CDKFOM5,Unreleased
UD4XYY4,Closed
HBAL1KF,Complete
0JJHOQ7,Closed
SA2HQYO,Unreleased
74IL1HQ,Closed
W8GNNV1,Released
H0A1PTH,Unreleased
B85BZNL,Complete
CH4C93X,Complete
RK9BCNS,Complete
L0LKTZJ,Unreleased
KPB6R8B,Complete
YK7TBPH,Closed
CFLT5TY,Closed
NE6G9T0,Released
Z7GWQW1,Closed
Y1CLWE0,Unreleased
GFPCHJF,Released
7HB4RBQ,Released
6DG2V6H,Unreleased
L8GDH98,Unreleased
ZRI0EC1,Closed
BO2JRD0,Released
KM8HE1Q,Complete
ZCJ8UNI,Released
1MWVVP6,Complete
8E4MPSP,Closed
ZE4DBMU,Complete
FWN8ME5,Released
V6R4MUO,Released
PBOFRZN,Unreleased
6EFYO8X,Unreleased
9UA4EPL,Complete
TUZR8CF,Unreleased
XWWDBFY,Closed
G1W0U02,Unreleased
XRE8ABF,Complete
8HQEG5V,Complete
U8CXZLG,Complete
P37D8O9,Unreleased
TA8M2PQ,Closed
38CAAE6,Closed
KCZJNVY,Closed
W68CMC6,Released
Y63ILXL,Closed
NH9RFLC,Unreleased
WCCTPTL,Released
TTKQW9S,Unreleased
691MWQY,Released
LNUAWS0,Unreleased
K0VKVCM,Closed
WEPPU3L,Released
9FKZK2E,Released
OCBNBJ1,Released
95NSGU9,Closed
GJGBCEC,Released
NR48XYR,Complete
Z1VNMTK,Closed
F6P94DX,Released
XCMPUYS,Unreleased
492RFDB,Complete
3ASGN0H,Closed
0ZES9BJ,Complete
90FZ0JR,Unreleased
BLQ8V8O,Released
XFXYYR6,Released
YWCM6I3,Closed
CRUDX5H,Released
JBPCGNN,Closed
9G9XC7V,Closed
288N9DX,Released
2W180FC,Released
BA7RGVF,Closed
S2JLMLP,Closed
ER0X2PI,Unreleased
G246H6E,Complete
W1SFQVD,Unreleased
33DR4PI,Unreleased
T9BMRZS,Released
SZU9U5C,Closed
SYV7HVG,Released
UHAVZ08,Complete
NDAWHZR,Unreleased
T7ZMEM7,Closed
HQLMQTR,Unreleased
CG5RG04,Closed
PGRN66Z,Complete
YEQ7BP9,Released
7MWQKQL,Complete
D15ANEO,Released
EOODVKO,Released
D8DLDXR,Complete
HLGTMOF,Closed
GYHGIYE,Closed
ELVJQ9P,Unreleased
TS957J0,Unreleased
JIUWQMR,Released
SOOSTY3,Complete
4UQ52GO,Unreleased
ZIVFG3K,Closed
G9EDV6K,Unreleased
8639YC3,Released
3CDP7UT,Unreleased
06OUFGB,Unreleased
LJCF433,Complete
4PWVA1H,Closed
AMCQOXS,Closed
XI1QTKE,Unreleased
LX3NBM2,Complete
GJVHRRT,Released
IQQPCY9,Closed
DT2538O,Unreleased
OAF643V,Closed
K4XGO8R,Unreleased
G7L63RX,Complete
DB0CM6Q,Unreleased
5Y6BEWO,Unreleased
0F1CRDC,Unreleased
0IB13PB,Complete
Z1OXWZ0,Unreleased
FCVD5I7,Closed
PNNBP3L,Closed
DNPSSQW,Released
0DCVJ10,Released
RQMXL01,Unreleased
0IW857T,Complete
S8AGPHQ,Complete
3SQ2S40,Unreleased
V0SMC40,Complete
AG8M7IU,Closed
ZHNTSBX,Complete
FUW6KGW,Released
I3U5NGM,Closed
VAIXAZF,Released
LA81NE2,Unreleased
XOU33J3,Released
28OB3LE,Complete
B7SQNED,Complete
90L5R7K,Released
LZSTS1I,Closed
I7RCY0X,Released
YA7TLMX,Closed
GRYHG8Q,Complete
WSN208U,Released
OHGEDQS,Released
YN9FOC1,Unreleased
QR4WZD9,Released
IT2LKVQ,Complete
MQZZRR4,Closed
1SR4KMA,Closed
19ZTYTT,Unreleased
GN0CZE8,Closed
TRH2F9U,Closed
DMTX6BZ,Closed
RQ3SSD8,Complete
EZWIPGS,Closed
SI17ALA,Unreleased
83HR5QU,Closed
FT79ZVS,Complete
NWC8JTO,Unreleased
SOVSMI1,Closed
