Job,ItemNumber,LotNumber
QPCPYKL,UL669134MZ,QPCPYKL
KK55NVQ,IZ767GIG18,KK55NVQ
4D55RE5,XX842ECD1B,4D55RE5
3D0ZGAP,MZ441ELE73,3D0ZGAP
J7DYQL0,VG5951YMIZ,J7DYQL0
0F9BB41,UL669134MZ,0F9BB41
L8PVL8M,IZ767GIG18,L8PVL8M
R4RWMR1,XX842ECD1B,R4RWMR1
UGLIL78,MZ441ELE73,UGLIL78
1QIJP7A,VG5951YMIZ,1QIJP7A
WTK0Q58,UL669134MZ,WTK0Q58
NHOGRNR,IZ767GIG18,NHOGRNR
R7P9DOQ,XX842ECD1B,R7P9DOQ
57AWNYN,MZ441ELE73,57AWNYN
Z2MGFQT,ItemNumber,Z2MGFQT
H7O2NIU,UL669134MZ,H7O2NIU
HY6SY2I,IZ767GIG18,HY6SY2I
17M6M4W,XX842ECD1B,17M6M4W
ULJQY9R,MZ441ELE73,ULJQY9R
8CRLWO3,VG5951YMIZ,8CRLWO3
KB8XT2N,UL669134MZ,KB8XT2N
RUSGL8V,IZ767GIG18,RUSGL8V
UFP6AGO,XX842ECD1B,UFP6AGO
VNABJC0,MZ441ELE73,VNABJC0
4ROE0MY,VG5951YMIZ,4ROE0MY
XTRQIKT,UL669134MZ,XTRQIKT
IFUCNWN,IZ767GIG18,IFUCNWN
J1OKT8P,XX842ECD1B,J1OKT8P
00Q8DQF,MZ441ELE73,00Q8DQF
2JGRNZU,ItemNumber,2JGRNZU
8D51RID,UL669134MZ,8D51RID
TYRIUN5,IZ767GIG18,TYRIUN5
NEJOE9K,XX842ECD1B,NEJOE9K
571KNL9,MZ441ELE73,571KNL9
WO6UNOE,VG5951YMIZ,WO6UNOE
WCOJTKH,UL669134MZ,WCOJTKH
J0IFANM,IZ767GIG18,J0IFANM
C9O5LIV,XX842ECD1B,C9O5LIV
NANU7KA,MZ441ELE73,NANU7KA
NTTPGVE,VG5951YMIZ,NTTPGVE
RN68KBE,UL669134MZ,RN68KBE
CM91R8D,IZ767GIG18,CM91R8D
2TZIYHS,XX842ECD1B,2TZIYHS
6NFFOMF,MZ441ELE73,6NFFOMF
TKTM50Y,ItemNumber,TKTM50Y
RVD3YIX,UL669134MZ,RVD3YIX
FBI5B5G,IZ767GIG18,FBI5B5G
44RJJ2B,XX842ECD1B,44RJJ2B
DM9OYCM,MZ441ELE73,DM9OYCM
QMUGEWG,VG5951YMIZ,QMUGEWG
RJQHJT4,UL669134MZ,RJQHJT4
QHCXNKV,IZ767GIG18,QHCXNKV
WK5BUAR,XX842ECD1B,WK5BUAR
J6F8YIR,MZ441ELE73,J6F8YIR
QIPE84I,VG5951YMIZ,QIPE84I
HZ5NE8A,UL669134MZ,HZ5NE8A
DGWMXJ9,IZ767GIG18,DGWMXJ9
F930OAW,XX842ECD1B,F930OAW
XY1WQ6N,MZ441ELE73,XY1WQ6N
2T2SQ7A,ItemNumber,2T2SQ7A
819SRC1,UL669134MZ,819SRC1
MHU5RYB,IZ767GIG18,MHU5RYB
BUQ5A9A,XX842ECD1B,BUQ5A9A
7TY7U5A,MZ441ELE73,7TY7U5A
147EFSQ,VG5951YMIZ,147EFSQ
DS7KVSN,UL669134MZ,DS7KVSN
CDKFOM5,IZ767GIG18,CDKFOM5
UD4XYY4,XX842ECD1B,UD4XYY4
RXYJT63,MZ441ELE73,RXYJT63
DLZ1AA4,VG5951YMIZ,DLZ1AA4
HC5QSB1,UL669134MZ,HC5QSB1
OGD0WH6,IZ767GIG18,OGD0WH6
HBAL1KF,XX842ECD1B,HBAL1KF
0QTJY8X,MZ441ELE73,0QTJY8X
0JJHOQ7,ItemNumber,0JJHOQ7
32E0KHW,UL669134MZ,32E0KHW
SA2HQYO,IZ767GIG18,SA2HQYO
0EL15PB,XX842ECD1B,0EL15PB
74IL1HQ,MZ441ELE73,74IL1HQ
W8GNNV1,VG5951YMIZ,W8GNNV1
H0A1PTH,UL669134MZ,H0A1PTH
V75N129,IZ767GIG18,V75N129
OEAKN59,XX842ECD1B,OEAKN59
ELNTHE2,MZ441ELE73,ELNTHE2
B85BZNL,VG5951YMIZ,B85BZNL
CH4C93X,UL669134MZ,CH4C93X
RK9BCNS,IZ767GIG18,RK9BCNS
AR6XS1Z,XX842ECD1B,AR6XS1Z
L0LKTZJ,MZ441ELE73,L0LKTZJ
PRWI0MZ,ItemNumber,PRWI0MZ
I4YNLL6,UL669134MZ,I4YNLL6
KPB6R8B,IZ767GIG18,KPB6R8B
CLCFGKP,XX842ECD1B,CLCFGKP
YK7TBPH,MZ441ELE73,YK7TBPH
CFLT5TY,VG5951YMIZ,CFLT5TY
L29QOFJ,UL669134MZ,L29QOFJ
N9DXMNR,IZ767GIG18,N9DXMNR
NE6G9T0,XX842ECD1B,NE6G9T0
D8EWSZA,MZ441ELE73,D8EWSZA
UEB3SSD,VG5951YMIZ,UEB3SSD
Q0CEDY6,UL669134MZ,Q0CEDY6
Z7GWQW1,IZ767GIG18,Z7GWQW1
Y1CLWE0,XX842ECD1B,Y1CLWE0
Z55PJUQ,MZ441ELE73,Z55PJUQ
SRGJE56,ItemNumber,SRGJE56
GFPCHJF,UL669134MZ,GFPCHJF
7HB4RBQ,IZ767GIG18,7HB4RBQ
6DG2V6H,XX842ECD1B,6DG2V6H
L8GDH98,MZ441ELE73,L8GDH98
XIDRCX9,VG5951YMIZ,XIDRCX9
G2QR6CC,UL669134MZ,G2QR6CC
ZRI0EC1,IZ767GIG18,ZRI0EC1
BO2JRD0,XX842ECD1B,BO2JRD0
QM7V152,MZ441ELE73,QM7V152
KM8HE1Q,VG5951YMIZ,KM8HE1Q
ZCJ8UNI,UL669134MZ,ZCJ8UNI
1MWVVP6,IZ767GIG18,1MWVVP6
8E4MPSP,XX842ECD1B,8E4MPSP
ZE4DBMU,MZ441ELE73,ZE4DBMU
W3TJETR,ItemNumber,W3TJETR
FWN8ME5,UL669134MZ,FWN8ME5
OJYVM7T,IZ767GIG18,OJYVM7T
V6R4MUO,XX842ECD1B,V6R4MUO
PBOFRZN,MZ441ELE73,PBOFRZN
A4OFLJK,VG5951YMIZ,A4OFLJK
4AXFS53,UL669134MZ,4AXFS53
2ENW7I8,IZ767GIG18,2ENW7I8
6EFYO8X,XX842ECD1B,6EFYO8X
9UA4EPL,MZ441ELE73,9UA4EPL
TUZR8CF,VG5951YMIZ,TUZR8CF
XWWDBFY,UL669134MZ,XWWDBFY
G1W0U02,IZ767GIG18,G1W0U02
XRE8ABF,XX842ECD1B,XRE8ABF
GIUTHTF,MZ441ELE73,GIUTHTF
96XTRXB,ItemNumber,96XTRXB
F4RMS52,UL669134MZ,F4RMS52
8HQEG5V,IZ767GIG18,8HQEG5V
BM862FK,XX842ECD1B,BM862FK
PIP9QBB,MZ441ELE73,PIP9QBB
IPOUI8O,VG5951YMIZ,IPOUI8O
U8CXZLG,UL669134MZ,U8CXZLG
P37D8O9,IZ767GIG18,P37D8O9
S9NK169,XX842ECD1B,S9NK169
TA8M2PQ,MZ441ELE73,TA8M2PQ
SEFGSAX,VG5951YMIZ,SEFGSAX
DHJ5C4C,UL669134MZ,DHJ5C4C
38CAAE6,IZ767GIG18,38CAAE6
KCZJNVY,XX842ECD1B,KCZJNVY
W68CMC6,MZ441ELE73,W68CMC6
GENDW7D,ItemNumber,GENDW7D
X4YS2XG,UL669134MZ,X4YS2XG
Y63ILXL,IZ767GIG18,Y63ILXL
NH9RFLC,XX842ECD1B,NH9RFLC
WCCTPTL,MZ441ELE73,WCCTPTL
27W7WDI,VG5951YMIZ,27W7WDI
L1S9WSK,UL669134MZ,L1S9WSK
TTKQW9S,IZ767GIG18,TTKQW9S
IO8M2OS,XX842ECD1B,IO8M2OS
691MWQY,MZ441ELE73,691MWQY
DBNLDVJ,VG5951YMIZ,DBNLDVJ
7AUJLOE,UL669134MZ,7AUJLOE
LNUAWS0,IZ767GIG18,LNUAWS0
K0VKVCM,XX842ECD1B,K0VKVCM
EE5HWOD,MZ441ELE73,EE5HWOD
XK6B3PG,ItemNumber,XK6B3PG
WEPPU3L,UL669134MZ,WEPPU3L
9FKZK2E,IZ767GIG18,9FKZK2E
OCBNBJ1,XX842ECD1B,OCBNBJ1
SL57SVO,MZ441ELE73,SL57SVO
PL5Q0YW,VG5951YMIZ,PL5Q0YW
0VQWLN9,UL669134MZ,0VQWLN9
U307NGZ,IZ767GIG18,U307NGZ
ETNWNW7,XX842ECD1B,ETNWNW7
95NSGU9,MZ441ELE73,95NSGU9
GJGBCEC,VG5951YMIZ,GJGBCEC
NR48XYR,UL669134MZ,NR48XYR
Z1VNMTK,IZ767GIG18,Z1VNMTK
BPVEU55,XX842ECD1B,BPVEU55
F6P94DX,MZ441ELE73,F6P94DX
XCMPUYS,ItemNumber,XCMPUYS
492RFDB,UL669134MZ,492RFDB
3ASGN0H,IZ767GIG18,3ASGN0H
H3DQ7T9,XX842ECD1B,H3DQ7T9
0ZES9BJ,MZ441ELE73,0ZES9BJ
90FZ0JR,VG5951YMIZ,90FZ0JR
BLQ8V8O,UL669134MZ,BLQ8V8O
XFXYYR6,IZ767GIG18,XFXYYR6
SKNG9QP,XX842ECD1B,SKNG9QP
VB5VQBZ,MZ441ELE73,VB5VQBZ
6IR7GGV,VG5951YMIZ,6IR7GGV
32MOUU1,UL669134MZ,32MOUU1
YWCM6I3,IZ767GIG18,YWCM6I3
CRUDX5H,XX842ECD1B,CRUDX5H
JBPCGNN,MZ441ELE73,JBPCGNN
RL5YF70,ItemNumber,RL5YF70
9G9XC7V,UL669134MZ,9G9XC7V
288N9DX,IZ767GIG18,288N9DX
2W180FC,XX842ECD1B,2W180FC
0UVP949,MZ441ELE73,0UVP949
24XDHTQ,VG5951YMIZ,24XDHTQ
QHB4903,UL669134MZ,QHB4903
BADL7RB,IZ767GIG18,BADL7RB
BA7RGVF,XX842ECD1B,BA7RGVF
S2JLMLP,MZ441ELE73,S2JLMLP
FGDGJX4,VG5951YMIZ,FGDGJX4
ER0X2PI,UL669134MZ,ER0X2PI
5BDYALM,IZ767GIG18,5BDYALM
6SDAKHU,XX842ECD1B,6SDAKHU
G246H6E,MZ441ELE73,G246H6E
2X99KDN,ItemNumber,2X99KDN
W1SFQVD,UL669134MZ,W1SFQVD
33DR4PI,IZ767GIG18,33DR4PI
T9BMRZS,XX842ECD1B,T9BMRZS
YTCHS7G,MZ441ELE73,YTCHS7G
SZU9U5C,VG5951YMIZ,SZU9U5C
CAZSOY4,UL669134MZ,CAZSOY4
GOHB8NG,IZ767GIG18,GOHB8NG
V6OA30N,XX842ECD1B,V6OA30N
48ND9VR,MZ441ELE73,48ND9VR
DRL1BU4,VG5951YMIZ,DRL1BU4
SYV7HVG,UL669134MZ,SYV7HVG
ULZ7RGE,IZ767GIG18,ULZ7RGE
UHAVZ08,XX842ECD1B,UHAVZ08
DJWN8YU,MZ441ELE73,DJWN8YU
NDAWHZR,ItemNumber,NDAWHZR
SODYLI9,UL669134MZ,SODYLI9
T7ZMEM7,IZ767GIG18,T7ZMEM7
HSRP2ZE,XX842ECD1B,HSRP2ZE
TRQENEF,MZ441ELE73,TRQENEF
8OQDEUG,VG5951YMIZ,8OQDEUG
HQLMQTR,UL669134MZ,HQLMQTR
4FRE6ZB,IZ767GIG18,4FRE6ZB
CG5RG04,XX842ECD1B,CG5RG04
T2PXLLE,MZ441ELE73,T2PXLLE
PGRN66Z,VG5951YMIZ,PGRN66Z
YEQ7BP9,UL669134MZ,YEQ7BP9
7MWQKQL,IZ767GIG18,7MWQKQL
D15ANEO,XX842ECD1B,D15ANEO
EOODVKO,MZ441ELE73,EOODVKO
D8DLDXR,ItemNumber,D8DLDXR
HLGTMOF,UL669134MZ,HLGTMOF
GYHGIYE,IZ767GIG18,GYHGIYE
ELVJQ9P,XX842ECD1B,ELVJQ9P
TS957J0,MZ441ELE73,TS957J0
JIUWQMR,VG5951YMIZ,JIUWQMR
SOOSTY3,UL669134MZ,SOOSTY3
Z8ABS9C,IZ767GIG18,Z8ABS9C
E6X10SH,XX842ECD1B,E6X10SH
DXYACM4,MZ441ELE73,DXYACM4
4UQ52GO,VG5951YMIZ,4UQ52GO
P6UT0D1,UL669134MZ,P6UT0D1
HH18XM2,IZ767GIG18,HH18XM2
IOTTTJ5,XX842ECD1B,IOTTTJ5
ZIVFG3K,MZ441ELE73,ZIVFG3K
RXF86XP,ItemNumber,RXF86XP
G9EDV6K,UL669134MZ,G9EDV6K
S9HVGXP,IZ767GIG18,S9HVGXP
8639YC3,XX842ECD1B,8639YC3
3CDP7UT,MZ441ELE73,3CDP7UT
06OUFGB,VG5951YMIZ,06OUFGB
BHRICY1,UL669134MZ,BHRICY1
LJCF433,IZ767GIG18,LJCF433
VGG1NMK,XX842ECD1B,VGG1NMK
5JWB2KW,MZ441ELE73,5JWB2KW
CUFTTU6,VG5951YMIZ,CUFTTU6
4PWVA1H,UL669134MZ,4PWVA1H
AMCQOXS,IZ767GIG18,AMCQOXS
GSLXCE1,XX842ECD1B,GSLXCE1
HU7B1C1,MZ441ELE73,HU7B1C1
XI1QTKE,ItemNumber,XI1QTKE
LX3NBM2,UL669134MZ,LX3NBM2
GJVHRRT,IZ767GIG18,GJVHRRT
IQQPCY9,XX842ECD1B,IQQPCY9
M6FCY6S,MZ441ELE73,M6FCY6S
DT2538O,VG5951YMIZ,DT2538O
OAF643V,UL669134MZ,OAF643V
82TUKEJ,IZ767GIG18,82TUKEJ
MVZQGPX,XX842ECD1B,MVZQGPX
K4XGO8R,MZ441ELE73,K4XGO8R
G7L63RX,VG5951YMIZ,G7L63RX
DB0CM6Q,UL669134MZ,DB0CM6Q
M45Q5UJ,IZ767GIG18,M45Q5UJ
5Y6BEWO,XX842ECD1B,5Y6BEWO
0F1CRDC,MZ441ELE73,0F1CRDC
0IB13PB,ItemNumber,0IB13PB
Z1OXWZ0,UL669134MZ,Z1OXWZ0
N1W6GEY,IZ767GIG18,N1W6GEY
FCVD5I7,XX842ECD1B,FCVD5I7
PNNBP3L,MZ441ELE73,PNNBP3L
DNPSSQW,VG5951YMIZ,DNPSSQW
0DCVJ10,UL669134MZ,0DCVJ10
RQMXL01,IZ767GIG18,RQMXL01
0IW857T,XX842ECD1B,0IW857T
S8AGPHQ,MZ441ELE73,S8AGPHQ
3SQ2S40,VG5951YMIZ,3SQ2S40
BCMJKQ0,UL669134MZ,BCMJKQ0
2603VQK,IZ767GIG18,2603VQK
ZEL4AIP,XX842ECD1B,ZEL4AIP
V0SMC40,MZ441ELE73,V0SMC40
AG8M7IU,ItemNumber,AG8M7IU
6R1Z6F1,UL669134MZ,6R1Z6F1
M91XP35,IZ767GIG18,M91XP35
ZHNTSBX,XX842ECD1B,ZHNTSBX
FUW6KGW,MZ441ELE73,FUW6KGW
VMQ666V,VG5951YMIZ,VMQ666V
TL2RK5C,UL669134MZ,TL2RK5C
I3U5NGM,IZ767GIG18,I3U5NGM
RW7B2I3,XX842ECD1B,RW7B2I3
4GHMEXU,MZ441ELE73,4GHMEXU
NYFGQMH,VG5951YMIZ,NYFGQMH
VAIXAZF,UL669134MZ,VAIXAZF
HPUU65R,IZ767GIG18,HPUU65R
LA81NE2,XX842ECD1B,LA81NE2
X7GSVVL,MZ441ELE73,X7GSVVL
EJMGDD8,ItemNumber,EJMGDD8
XOU33J3,UL669134MZ,XOU33J3
28OB3LE,IZ767GIG18,28OB3LE
JW3F2X8,XX842ECD1B,JW3F2X8
B7SQNED,MZ441ELE73,B7SQNED
90L5R7K,VG5951YMIZ,90L5R7K
6ARGDTH,UL669134MZ,6ARGDTH
LZSTS1I,IZ767GIG18,LZSTS1I
CS7D0YX,XX842ECD1B,CS7D0YX
Z4EASQE,MZ441ELE73,Z4EASQE
I7RCY0X,VG5951YMIZ,I7RCY0X
YA7TLMX,UL669134MZ,YA7TLMX
GRYHG8Q,IZ767GIG18,GRYHG8Q
GZSX1AO,XX842ECD1B,GZSX1AO
WSN208U,MZ441ELE73,WSN208U
OHGEDQS,ItemNumber,OHGEDQS
4BDOHUC,UL669134MZ,4BDOHUC
3QWLTWZ,IZ767GIG18,3QWLTWZ
YN9FOC1,XX842ECD1B,YN9FOC1
QR4WZD9,MZ441ELE73,QR4WZD9
PI17JUW,VG5951YMIZ,PI17JUW
IT2LKVQ,UL669134MZ,IT2LKVQ
MQZZRR4,IZ767GIG18,MQZZRR4
B2HG8XM,XX842ECD1B,B2HG8XM
U30PS5G,MZ441ELE73,U30PS5G
IY9VR2E,VG5951YMIZ,IY9VR2E
1SR4KMA,UL669134MZ,1SR4KMA
19ZTYTT,IZ767GIG18,19ZTYTT
QB7PUEY,XX842ECD1B,QB7PUEY
ROSEGG8,MZ441ELE73,ROSEGG8
S8OWSOE,ItemNumber,S8OWSOE
JRVSO8R,UL669134MZ,JRVSO8R
GN0CZE8,IZ767GIG18,GN0CZE8
TRH2F9U,XX842ECD1B,TRH2F9U
QAVIAEZ,MZ441ELE73,QAVIAEZ
ZZ9L1PI,VG5951YMIZ,ZZ9L1PI
DMTX6BZ,UL669134MZ,DMTX6BZ
2EGYICG,IZ767GIG18,2EGYICG
FHD38QR,XX842ECD1B,FHD38QR
RQ3SSD8,MZ441ELE73,RQ3SSD8
EZWIPGS,VG5951YMIZ,EZWIPGS
SI17ALA,UL669134MZ,SI17ALA
H9ZP82E,IZ767GIG18,H9ZP82E
83HR5QU,XX842ECD1B,83HR5QU
HAP9NK6,MZ441ELE73,HAP9NK6
FT79ZVS,ItemNumber,FT79ZVS
36K7PGA,UL669134MZ,36K7PGA
JKEVRB3,IZ767GIG18,JKEVRB3
LUBXI4Y,XX842ECD1B,LUBXI4Y
NWC8JTO,MZ441ELE73,NWC8JTO
SOVSMI1,VG5951YMIZ,SOVSMI1
61TYF6J,UL669134MZ,61TYF6J
QB8YOWJ,IZ767GIG18,QB8YOWJ
4UDHEE0,XX842ECD1B,4UDHEE0
NEER1C3,MZ441ELE73,NEER1C3
M98VB8S,VG5951YMIZ,M98VB8S
4KLL5HA,UL669134MZ,4KLL5HA
0GV1L88,IZ767GIG18,0GV1L88
5CAHO8H,XX842ECD1B,5CAHO8H
GGZSYNN,MZ441ELE73,GGZSYNN
YIGBHTZ,ItemNumber,YIGBHTZ
5K5DFOO,UL669134MZ,5K5DFOO
086AQOV,IZ767GIG18,086AQOV
23OJAUW,XX842ECD1B,23OJAUW
CB15FKY,MZ441ELE73,CB15FKY
JQUANB7,VG5951YMIZ,JQUANB7
E6OF1V7,UL669134MZ,E6OF1V7
DE5ZBX7,IZ767GIG18,DE5ZBX7
HF4LRZM,XX842ECD1B,HF4LRZM
ZJVCQV4,MZ441ELE73,ZJVCQV4
LAC0T26,VG5951YMIZ,LAC0T26
TXS2Z9F,UL669134MZ,TXS2Z9F
PMPY1RU,IZ767GIG18,PMPY1RU
2GADGDV,XX842ECD1B,2GADGDV
44MWZIU,MZ441ELE73,44MWZIU
4M9VWYV,ItemNumber,4M9VWYV
ZJT6POP,UL669134MZ,ZJT6POP
7WZBJJN,IZ767GIG18,7WZBJJN
N64I7CY,XX842ECD1B,N64I7CY
6RQ3W8B,MZ441ELE73,6RQ3W8B
9SA5GRO,VG5951YMIZ,9SA5GRO
CQSLZJN,UL669134MZ,CQSLZJN
ZKNHYUQ,IZ767GIG18,ZKNHYUQ
5RCFEAN,XX842ECD1B,5RCFEAN
J5H2S0H,MZ441ELE73,J5H2S0H
OQ2O30Q,VG5951YMIZ,OQ2O30Q
RJI61OR,UL669134MZ,RJI61OR
EMP4W84,IZ767GIG18,EMP4W84
9C6EBD0,XX842ECD1B,9C6EBD0
D7F0RJR,MZ441ELE73,D7F0RJR
JMUYFQJ,ItemNumber,JMUYFQJ
TL5A7W8,UL669134MZ,TL5A7W8
6J7YG55,IZ767GIG18,6J7YG55
QYQOGYF,XX842ECD1B,QYQOGYF
SVJDMK7,MZ441ELE73,SVJDMK7
N4QSH2R,VG5951YMIZ,N4QSH2R
Q9Y0AYF,UL669134MZ,Q9Y0AYF
QKOPEWQ,IZ767GIG18,QKOPEWQ
VLVH9OT,XX842ECD1B,VLVH9OT
1LQVGW4,MZ441ELE73,1LQVGW4
P7OOHL3,VG5951YMIZ,P7OOHL3
9AY3FNP,UL669134MZ,9AY3FNP
HU378CS,IZ767GIG18,HU378CS
6GUU85R,XX842ECD1B,6GUU85R
YUDE4HT,MZ441ELE73,YUDE4HT
UCRFJJT,ItemNumber,UCRFJJT
AV4EIHF,UL669134MZ,AV4EIHF
CRBVZRK,IZ767GIG18,CRBVZRK
6T44EYH,XX842ECD1B,6T44EYH
N63QKZ7,MZ441ELE73,N63QKZ7
E4ULMGH,VG5951YMIZ,E4ULMGH
WBRM2GL,UL669134MZ,WBRM2GL
KUYT1TA,IZ767GIG18,KUYT1TA
SYCFNT1,XX842ECD1B,SYCFNT1
649I366,MZ441ELE73,649I366
8WNCHXV,VG5951YMIZ,8WNCHXV
HT14D2Z,UL669134MZ,HT14D2Z
UOUB8R9,IZ767GIG18,UOUB8R9
6FAJYZH,XX842ECD1B,6FAJYZH
43RIHLN,MZ441ELE73,43RIHLN
UPBD72J,ItemNumber,UPBD72J
13OSX2S,UL669134MZ,13OSX2S
UUFI363,IZ767GIG18,UUFI363
0RCV4CG,XX842ECD1B,0RCV4CG
IPN8VB3,MZ441ELE73,IPN8VB3
IYD5EFN,VG5951YMIZ,IYD5EFN
Z13AEK2,UL669134MZ,Z13AEK2
1GWJB0J,IZ767GIG18,1GWJB0J
XDJELYF,XX842ECD1B,XDJELYF
M3P97IB,MZ441ELE73,M3P97IB
DT6MQKP,VG5951YMIZ,DT6MQKP
826HKE8,UL669134MZ,826HKE8
QVXSYTY,IZ767GIG18,QVXSYTY
64IZ3PZ,XX842ECD1B,64IZ3PZ
BQT5FM6,MZ441ELE73,BQT5FM6
AFDP2U8,ItemNumber,AFDP2U8
R9UC5OB,UL669134MZ,R9UC5OB
TZMCA6F,IZ767GIG18,TZMCA6F
X8YD45S,XX842ECD1B,X8YD45S
GIIGLL4,MZ441ELE73,GIIGLL4
CAHNDFI,VG5951YMIZ,CAHNDFI
IU5EPFN,UL669134MZ,IU5EPFN
LRYYB6S,IZ767GIG18,LRYYB6S
MGHXZDL,XX842ECD1B,MGHXZDL
RRANUPH,MZ441ELE73,RRANUPH
Z6ZUOH8,VG5951YMIZ,Z6ZUOH8
8IYN8H6,UL669134MZ,8IYN8H6
4X7DMIK,IZ767GIG18,4X7DMIK
OP0LPGE,XX842ECD1B,OP0LPGE
DJ4NIQ4,MZ441ELE73,DJ4NIQ4
83WM68X,ItemNumber,83WM68X
3OK7UP0,UL669134MZ,3OK7UP0
SVPCUNO,IZ767GIG18,SVPCUNO
BF8K8VD,XX842ECD1B,BF8K8VD
TKFGIHP,MZ441ELE73,TKFGIHP
ZPY1W0I,VG5951YMIZ,ZPY1W0I
L0PSSG0,UL669134MZ,L0PSSG0
B8UK6WY,IZ767GIG18,B8UK6WY
M1YSXZR,XX842ECD1B,M1YSXZR
B7XTPAW,MZ441ELE73,B7XTPAW
W8EE68A,VG5951YMIZ,W8EE68A
7LJX567,UL669134MZ,7LJX567
SXIARWX,IZ767GIG18,SXIARWX
I8J1CUS,XX842ECD1B,I8J1CUS
E15XCAJ,MZ441ELE73,E15XCAJ
EELBEJY,ItemNumber,EELBEJY
39MB50Z,UL669134MZ,39MB50Z
CP8C831,IZ767GIG18,CP8C831
HNFURBO,XX842ECD1B,HNFURBO
CL68H6V,MZ441ELE73,CL68H6V
CLRSBNI,VG5951YMIZ,CLRSBNI
BOA8A09,UL669134MZ,BOA8A09
SQW4DRM,IZ767GIG18,SQW4DRM
XRM5BAW,XX842ECD1B,XRM5BAW
50O7AT8,MZ441ELE73,50O7AT8
YHI5SWJ,VG5951YMIZ,YHI5SWJ
RCU1UXV,UL669134MZ,RCU1UXV
O70O817,IZ767GIG18,O70O817
MPSEAME,XX842ECD1B,MPSEAME
RK4S6HU,MZ441ELE73,RK4S6HU
AIFFABF,ItemNumber,AIFFABF
LPQ82HX,UL669134MZ,LPQ82HX
U7BI5I1,IZ767GIG18,U7BI5I1
SYALPFN,XX842ECD1B,SYALPFN
6FTQIEQ,MZ441ELE73,6FTQIEQ
TWM02HX,VG5951YMIZ,TWM02HX
XJ0L3YG,UL669134MZ,XJ0L3YG
BQURN0L,IZ767GIG18,BQURN0L
BQ3BH5J,XX842ECD1B,BQ3BH5J
V629OK6,MZ441ELE73,V629OK6
PBH6R46,VG5951YMIZ,PBH6R46
7AU6RXJ,UL669134MZ,7AU6RXJ
9JLHNGU,IZ767GIG18,9JLHNGU
BPG8ZPK,XX842ECD1B,BPG8ZPK
EFRZXAC,MZ441ELE73,EFRZXAC
NS3CVEM,ItemNumber,NS3CVEM
PS2QDXJ,UL669134MZ,PS2QDXJ
CTL4ESP,IZ767GIG18,CTL4ESP
EY4NWGL,XX842ECD1B,EY4NWGL
676FRX3,MZ441ELE73,676FRX3
B7L4CBQ,VG5951YMIZ,B7L4CBQ
DGTL75S,UL669134MZ,DGTL75S
HASGL0P,IZ767GIG18,HASGL0P
HBGHRXH,XX842ECD1B,HBGHRXH
DNXQEEX,MZ441ELE73,DNXQEEX
L3VSWT2,VG5951YMIZ,L3VSWT2
T1X1AYY,UL669134MZ,T1X1AYY
77Y3QO6,IZ767GIG18,77Y3QO6
EE2V1BA,XX842ECD1B,EE2V1BA
23OQ3XR,MZ441ELE73,23OQ3XR
XKTG49U,ItemNumber,XKTG49U
Z3QDDGC,UL669134MZ,Z3QDDGC
Z5NJH3Z,IZ767GIG18,Z5NJH3Z
995RRCD,XX842ECD1B,995RRCD
VWP3WHC,MZ441ELE73,VWP3WHC
1RRUXNO,VG5951YMIZ,1RRUXNO
I70ZX94,UL669134MZ,I70ZX94
RIH777F,IZ767GIG18,RIH777F
50PF94Z,XX842ECD1B,50PF94Z
J7OMT5K,MZ441ELE73,J7OMT5K
3PI6D8D,VG5951YMIZ,3PI6D8D
0VSFWS7,UL669134MZ,0VSFWS7
1JUDV7W,IZ767GIG18,1JUDV7W
0WJHQV9,XX842ECD1B,0WJHQV9
309CNLC,MZ441ELE73,309CNLC
GZW69L2,ItemNumber,GZW69L2
FNPW2PV,UL669134MZ,FNPW2PV
E21NIMP,IZ767GIG18,E21NIMP
CDK7QMS,XX842ECD1B,CDK7QMS
4X8CAL9,MZ441ELE73,4X8CAL9
NTP1JDA,VG5951YMIZ,NTP1JDA
Y7OXHZ4,UL669134MZ,Y7OXHZ4
D9LEDU0,IZ767GIG18,D9LEDU0
L8ONK6W,XX842ECD1B,L8ONK6W
OHA9444,MZ441ELE73,OHA9444
3FDYVZA,VG5951YMIZ,3FDYVZA
4CQ4BGD,UL669134MZ,4CQ4BGD
DVPIBKI,IZ767GIG18,DVPIBKI
30RFZV3,XX842ECD1B,30RFZV3
6QHDB8M,MZ441ELE73,6QHDB8M
JR6RZDR,ItemNumber,JR6RZDR
I2HS7TD,UL669134MZ,I2HS7TD
W2WUWWJ,IZ767GIG18,W2WUWWJ
8RHW4H8,XX842ECD1B,8RHW4H8
K40XEE8,MZ441ELE73,K40XEE8
NTT6QYC,VG5951YMIZ,NTT6QYC
HEPHBLM,UL669134MZ,HEPHBLM
5RYHN69,IZ767GIG18,5RYHN69
15NFY2J,XX842ECD1B,15NFY2J
H9IU22E,MZ441ELE73,H9IU22E
G24S10F,VG5951YMIZ,G24S10F
7QSIPEH,UL669134MZ,7QSIPEH
3PXAN1Z,IZ767GIG18,3PXAN1Z
YUW6G0P,XX842ECD1B,YUW6G0P
7TVVZ9M,MZ441ELE73,7TVVZ9M
2X1LN60,ItemNumber,2X1LN60
TNPVYLW,UL669134MZ,TNPVYLW
ULZK6I7,IZ767GIG18,ULZK6I7
QOQ5H66,XX842ECD1B,QOQ5H66
VRMHXNU,MZ441ELE73,VRMHXNU
YJHA5M4,VG5951YMIZ,YJHA5M4
F65QH0E,UL669134MZ,F65QH0E
YWMQMRN,IZ767GIG18,YWMQMRN
4N72GE1,XX842ECD1B,4N72GE1
ZTP3KFY,MZ441ELE73,ZTP3KFY
5ZY6396,VG5951YMIZ,5ZY6396
4PUNUHU,UL669134MZ,4PUNUHU
U3VR6LE,IZ767GIG18,U3VR6LE
U4GTUEA,XX842ECD1B,U4GTUEA
M4AM97L,MZ441ELE73,M4AM97L
6J27TSN,ItemNumber,6J27TSN
39GY6HE,UL669134MZ,39GY6HE
29NFIRL,IZ767GIG18,29NFIRL
JZW5L5M,XX842ECD1B,JZW5L5M
1HPG7CF,MZ441ELE73,1HPG7CF
26CS7YB,VG5951YMIZ,26CS7YB
AMG6DYZ,UL669134MZ,AMG6DYZ
66QAF3F,IZ767GIG18,66QAF3F
NF1TBO4,XX842ECD1B,NF1TBO4
BALUPNH,MZ441ELE73,BALUPNH
D1YDTHA,VG5951YMIZ,D1YDTHA
NUSC90O,UL669134MZ,NUSC90O
XMQ3NYH,IZ767GIG18,XMQ3NYH
KXSZGOU,XX842ECD1B,KXSZGOU
L59B6V9,MZ441ELE73,L59B6V9
V4F4CG2,ItemNumber,V4F4CG2
D9W85YN,UL669134MZ,D9W85YN
4E0JBBG,IZ767GIG18,4E0JBBG
8HO9Y84,XX842ECD1B,8HO9Y84
3DN8NWR,MZ441ELE73,3DN8NWR
3EGAC49,VG5951YMIZ,3EGAC49
XTEDSDK,UL669134MZ,XTEDSDK
4N1U4T7,IZ767GIG18,4N1U4T7
109FY7X,XX842ECD1B,109FY7X
LTAJ1HB,MZ441ELE73,LTAJ1HB
UT7YEMZ,VG5951YMIZ,UT7YEMZ
DE20OX0,UL669134MZ,DE20OX0
22D7HTO,IZ767GIG18,22D7HTO
23VESH0,XX842ECD1B,23VESH0
DBHQS5L,MZ441ELE73,DBHQS5L
AD8DAN7,ItemNumber,AD8DAN7
8IV8ZQC,UL669134MZ,8IV8ZQC
CFBRCA7,IZ767GIG18,CFBRCA7
GKDZNVV,XX842ECD1B,GKDZNVV
DJ7RAX9,MZ441ELE73,DJ7RAX9
NQAD66H,VG5951YMIZ,NQAD66H
DGB2TY4,UL669134MZ,DGB2TY4
DXESA6D,IZ767GIG18,DXESA6D
64IH2G1,XX842ECD1B,64IH2G1
MX8UQHW,MZ441ELE73,MX8UQHW
FKTRM45,VG5951YMIZ,FKTRM45
Q8TQ2ON,UL669134MZ,Q8TQ2ON
T4DDPN2,IZ767GIG18,T4DDPN2
BDB5X56,XX842ECD1B,BDB5X56
Q2HVLN6,MZ441ELE73,Q2HVLN6
YRAYYIF,ItemNumber,YRAYYIF
S5OT9E0,UL669134MZ,S5OT9E0
MX27I4T,IZ767GIG18,MX27I4T
OPRFV32,XX842ECD1B,OPRFV32
7KZR222,MZ441ELE73,7KZR222
3N3RX4D,VG5951YMIZ,3N3RX4D
D59SW5A,UL669134MZ,D59SW5A
A7X5XCQ,IZ767GIG18,A7X5XCQ
7JNTS7L,XX842ECD1B,7JNTS7L
VJPEYM1,MZ441ELE73,VJPEYM1
VBRQXWB,VG5951YMIZ,VBRQXWB
2NZ0C1F,UL669134MZ,2NZ0C1F
6CBDB8B,IZ767GIG18,6CBDB8B
WGLBFKF,XX842ECD1B,WGLBFKF
LKU3LSG,MZ441ELE73,LKU3LSG
ZKHJNT4,ItemNumber,ZKHJNT4
R50Q2AZ,UL669134MZ,R50Q2AZ
LYXKNV0,IZ767GIG18,LYXKNV0
18H512X,XX842ECD1B,18H512X
JR3O2MU,MZ441ELE73,JR3O2MU
3MLVFB1,VG5951YMIZ,3MLVFB1
53WAMPV,UL669134MZ,53WAMPV
HN6YM08,IZ767GIG18,HN6YM08
WEWF1JE,XX842ECD1B,WEWF1JE
04PLSH3,MZ441ELE73,04PLSH3
RQ8AATA,VG5951YMIZ,RQ8AATA
VXNR9GJ,UL669134MZ,VXNR9GJ
SKCF7G6,IZ767GIG18,SKCF7G6
N4Z6K00,XX842ECD1B,N4Z6K00
X3JSB0A,MZ441ELE73,X3JSB0A
RCKLD6P,ItemNumber,RCKLD6P
1MGJ0QO,UL669134MZ,1MGJ0QO
KR6RE2R,IZ767GIG18,KR6RE2R
A7NIAOU,XX842ECD1B,A7NIAOU
0W2GTLE,MZ441ELE73,0W2GTLE
EV42YPB,VG5951YMIZ,EV42YPB
HJPSUX8,UL669134MZ,HJPSUX8
YL3NGFP,IZ767GIG18,YL3NGFP
AXCZ7DO,XX842ECD1B,AXCZ7DO
WK6BIEB,MZ441ELE73,WK6BIEB
PIH9VWP,VG5951YMIZ,PIH9VWP
0ZTQT3C,UL669134MZ,0ZTQT3C
KL03FS5,IZ767GIG18,KL03FS5
U3R717R,XX842ECD1B,U3R717R
UTLWVL5,MZ441ELE73,UTLWVL5
QAVIAEZ,GN1077TGK9,4Z6E21F
ZZ9L1PI,NL479YC3PM,4EZH6A2
DMTX6BZ,IX83928QKZ,BY62OLI
2EGYICG,MU581HY914,8US6LD7
FHD38QR,ZT17074KDS,V4C8VYE
RQ3SSD8,HI221W99HA,HNGVYWY
EZWIPGS,TW138D0O1G,N6HEVC1
SI17ALA,AN397S5RSI,TLDN0UJ
H9ZP82E,QV741IG248,1Y27W4M
83HR5QU,IN009KUD12,B56S0J9
HAP9NK6,GV32235T5I,VHJ5CYF
FT79ZVS,UJ1902SZ74,ZICK3FX
36K7PGA,AT0971JPEB,ROOUFQ2
JKEVRB3,ZO213ADVAL,K0NH256
LUBXI4Y,FU119WGN5I,24DPL6H
NWC8JTO,GN1077TGK9,X8G46V9
SOVSMI1,NL479YC3PM,B5ND809
61TYF6J,IX83928QKZ,B0193AB
QB8YOWJ,MU581HY914,2VRVDZN
4UDHEE0,ZT17074KDS,A6TREZD
NEER1C3,HI221W99HA,MQG43JS
M98VB8S,TW138D0O1G,8IEMIJ2
4KLL5HA,AN397S5RSI,7SK4EY8
0GV1L88,QV741IG248,7Z1KVX2
5CAHO8H,IN009KUD12,A61LFTG
GGZSYNN,GV32235T5I,X2MVXIS
YIGBHTZ,UJ1902SZ74,N32WDUY
5K5DFOO,AT0971JPEB,MQES8AK
086AQOV,ZO213ADVAL,5THMZZ9
23OJAUW,FU119WGN5I,2ZP2SRV
CB15FKY,GN1077TGK9,XFOQTQ8
JQUANB7,NL479YC3PM,KGMDQQC
E6OF1V7,IX83928QKZ,Q4GT3TN
DE5ZBX7,MU581HY914,A333ENO
HF4LRZM,ZT17074KDS,PWYLUST
ZJVCQV4,HI221W99HA,STFSGZK
LAC0T26,TW138D0O1G,VGLUZU2
TXS2Z9F,AN397S5RSI,A2MLLUK
PMPY1RU,QV741IG248,QZDLKKC
2GADGDV,IN009KUD12,2DRM7RA
44MWZIU,GV32235T5I,UPNOGKC
4M9VWYV,UJ1902SZ74,TB77WFB
ZJT6POP,AT0971JPEB,42KK5ZM
7WZBJJN,ZO213ADVAL,NQ7SVYU
N64I7CY,FU119WGN5I,WLLDTE0
6RQ3W8B,GN1077TGK9,3N4MOOG
9SA5GRO,NL479YC3PM,WJRCK01
CQSLZJN,IX83928QKZ,9DPMC4A
ZKNHYUQ,MU581HY914,D3KHRLI
5RCFEAN,ZT17074KDS,OT1YG46
J5H2S0H,HI221W99HA,X3QR966
OQ2O30Q,TW138D0O1G,TU2DBGD
RJI61OR,AN397S5RSI,05F08SV
EMP4W84,QV741IG248,VQA11SA
9C6EBD0,IN009KUD12,KQWOKA6
D7F0RJR,GV32235T5I,A1WRCUM
JMUYFQJ,UJ1902SZ74,9Y9MDJE
TL5A7W8,AT0971JPEB,ZMG8YGY
6J7YG55,ZO213ADVAL,PFKWZ2V
QYQOGYF,FU119WGN5I,AK2HFP6
SVJDMK7,GN1077TGK9,3DU0CCQ
N4QSH2R,NL479YC3PM,CWMEHHR
Q9Y0AYF,IX83928QKZ,ZL9E7NJ
QKOPEWQ,MU581HY914,RGW74QS
VLVH9OT,ZT17074KDS,VSC0NSG
1LQVGW4,HI221W99HA,9K0NGOV
P7OOHL3,TW138D0O1G,OJMME67
9AY3FNP,AN397S5RSI,SVK0P90
HU378CS,QV741IG248,8H89BFU
6GUU85R,IN009KUD12,9VPMQT8
YUDE4HT,GV32235T5I,AWT9382
UCRFJJT,UJ1902SZ74,KOPRBKQ
AV4EIHF,AT0971JPEB,233UKMR
CRBVZRK,ZO213ADVAL,U4JHZ6O
6T44EYH,FU119WGN5I,7NZ7G72
N63QKZ7,GN1077TGK9,NV8C8I1
E4ULMGH,NL479YC3PM,XLQ9CBH
WBRM2GL,IX83928QKZ,9WKI0YR
KUYT1TA,MU581HY914,7XKPT0Q
SYCFNT1,ZT17074KDS,MYNGP44
649I366,HI221W99HA,58DKU8X
8WNCHXV,TW138D0O1G,CZJ4XZ4
HT14D2Z,AN397S5RSI,NVVWIUF
UOUB8R9,QV741IG248,JACIKFP
6FAJYZH,IN009KUD12,5N7IVF9
43RIHLN,GV32235T5I,0D8DXNZ
UPBD72J,UJ1902SZ74,AXDZ7BM
13OSX2S,AT0971JPEB,B2DL31V
UUFI363,ZO213ADVAL,3V36P89
0RCV4CG,FU119WGN5I,RZPHTP7
IPN8VB3,GN1077TGK9,QIK28WM
IYD5EFN,NL479YC3PM,FNUHRVH
Z13AEK2,IX83928QKZ,TOAVVNY
1GWJB0J,MU581HY914,I6ITS8G
XDJELYF,ZT17074KDS,QH2IJAF
M3P97IB,HI221W99HA,SRFG9D6
DT6MQKP,TW138D0O1G,FNNJNJ0
826HKE8,AN397S5RSI,40OPF3D
QVXSYTY,QV741IG248,3YU8IWM
64IZ3PZ,IN009KUD12,AOJ0RDG
BQT5FM6,GV32235T5I,18EDAJL
AFDP2U8,UJ1902SZ74,16BFA3R
R9UC5OB,AT0971JPEB,9CV9EK0
TZMCA6F,ZO213ADVAL,T22RXUH
X8YD45S,FU119WGN5I,1Z1M9NK
GIIGLL4,GN1077TGK9,LWGNS5S
CAHNDFI,NL479YC3PM,0BOHNAR
IU5EPFN,IX83928QKZ,T6NDHFV
LRYYB6S,MU581HY914,K7FHPZR
MGHXZDL,ZT17074KDS,WTKQUVE
RRANUPH,HI221W99HA,4TNOZA0
Z6ZUOH8,TW138D0O1G,ASDPGQH
8IYN8H6,AN397S5RSI,ATRH18O
4X7DMIK,QV741IG248,8IBUM4V
OP0LPGE,IN009KUD12,1ZKQJAY
DJ4NIQ4,GV32235T5I,3PUVCDA
83WM68X,UJ1902SZ74,L98P75C
3OK7UP0,AT0971JPEB,69GMZPH
SVPCUNO,ZO213ADVAL,TQOWRSR
BF8K8VD,FU119WGN5I,CF6M8F0
TKFGIHP,GN1077TGK9,CNO2V6N
ZPY1W0I,NL479YC3PM,7EUMK4V
L0PSSG0,IX83928QKZ,VI601GJ
B8UK6WY,MU581HY914,UKGO1ZT
M1YSXZR,ZT17074KDS,T4TTRS9
B7XTPAW,HI221W99HA,AGCJY1E
W8EE68A,TW138D0O1G,PCBABEE
7LJX567,AN397S5RSI,21LL2V6
SXIARWX,QV741IG248,X5RZWQZ
I8J1CUS,IN009KUD12,KY4GIB9
E15XCAJ,GV32235T5I,HNWXEX3
EELBEJY,UJ1902SZ74,G5SMSQW
39MB50Z,AT0971JPEB,98D3DFC
CP8C831,ZO213ADVAL,EY1EI88
HNFURBO,FU119WGN5I,XO6QOS2
CL68H6V,GN1077TGK9,5AMIZ86
CLRSBNI,NL479YC3PM,XTP9P5C
BOA8A09,IX83928QKZ,D1J3JZH
SQW4DRM,MU581HY914,UKRXP99
XRM5BAW,ZT17074KDS,NTPE8VM
50O7AT8,HI221W99HA,61Y1BQD
YHI5SWJ,TW138D0O1G,Q70ERMC
RCU1UXV,AN397S5RSI,TOU5510
O70O817,QV741IG248,OLAMSW6
MPSEAME,IN009KUD12,OO79H1V
RK4S6HU,GV32235T5I,T0ZTFCT
AIFFABF,UJ1902SZ74,L1F92VS
LPQ82HX,AT0971JPEB,MPK8J3J
U7BI5I1,ZO213ADVAL,ZYUQ13B
SYALPFN,FU119WGN5I,9MD2FHN
6FTQIEQ,GN1077TGK9,R6ZUKZU
TWM02HX,NL479YC3PM,RR5TSJB
XJ0L3YG,IX83928QKZ,EFUUDIL
BQURN0L,MU581HY914,A9J6P9V
BQ3BH5J,ZT17074KDS,S2O2NBJ
V629OK6,HI221W99HA,I1VDLBP
PBH6R46,TW138D0O1G,W8OLI8N
7AU6RXJ,AN397S5RSI,PV6ZZBG
9JLHNGU,QV741IG248,L8UEJLT
BPG8ZPK,IN009KUD12,SY50QRG
EFRZXAC,GV32235T5I,D6EF5R2
NS3CVEM,UJ1902SZ74,80WVN2H
PS2QDXJ,AT0971JPEB,2R5CEQ1
CTL4ESP,ZO213ADVAL,I6HASCE
EY4NWGL,FU119WGN5I,CG4PWCR
676FRX3,GN1077TGK9,F5EC6S9
B7L4CBQ,NL479YC3PM,S5PYFHU
DGTL75S,IX83928QKZ,FC486ZT
HASGL0P,MU581HY914,P9B9V12
HBGHRXH,ZT17074KDS,PUC5CD4
DNXQEEX,HI221W99HA,NOTQET1
L3VSWT2,TW138D0O1G,6R9WGUM
T1X1AYY,AN397S5RSI,LAJ58SI
77Y3QO6,QV741IG248,V7Q13C5
EE2V1BA,IN009KUD12,2RJVOZM
23OQ3XR,GV32235T5I,UT4YHY5
XKTG49U,UJ1902SZ74,9SAJLEY
Z3QDDGC,AT0971JPEB,NVA5EB1
Z5NJH3Z,ZO213ADVAL,XEQOG42
995RRCD,FU119WGN5I,GYVQV1M
VWP3WHC,GN1077TGK9,16FD9H2
1RRUXNO,NL479YC3PM,VYE5OFB
I70ZX94,IX83928QKZ,9FA6N3X
RIH777F,MU581HY914,2VTE45M
50PF94Z,ZT17074KDS,9JHY25Q
J7OMT5K,HI221W99HA,67XIA2X
3PI6D8D,TW138D0O1G,T9FQNYE
0VSFWS7,AN397S5RSI,ZPSQ3T1
1JUDV7W,QV741IG248,9CJ2O4U
0WJHQV9,IN009KUD12,AKSOFLS
309CNLC,GV32235T5I,OS6REGC
GZW69L2,UJ1902SZ74,2PRGDZC
FNPW2PV,AT0971JPEB,7H4UX0F
E21NIMP,ZO213ADVAL,LQ9FU5D
CDK7QMS,FU119WGN5I,D9TZZS7
4X8CAL9,GN1077TGK9,CKF5V92
NTP1JDA,NL479YC3PM,YAP84E9
Y7OXHZ4,IX83928QKZ,PKUNH6O
D9LEDU0,MU581HY914,D1NB7IQ
L8ONK6W,ZT17074KDS,BFKZNQE
OHA9444,HI221W99HA,QNSV072
3FDYVZA,TW138D0O1G,G1N31TF
4CQ4BGD,AN397S5RSI,X44E1SS
DVPIBKI,QV741IG248,4FMT1MG
30RFZV3,IN009KUD12,SXI7GIH
6QHDB8M,GV32235T5I,UUO28Q2
JR6RZDR,UJ1902SZ74,ZNPBMYT
I2HS7TD,AT0971JPEB,1RVV0JG
W2WUWWJ,ZO213ADVAL,J1FFH8E
8RHW4H8,FU119WGN5I,PIUZ671
K40XEE8,GN1077TGK9,5OXX9EF
NTT6QYC,NL479YC3PM,650FOV3
HEPHBLM,IX83928QKZ,U1G12XK
5RYHN69,MU581HY914,7NZWL8Z
15NFY2J,ZT17074KDS,DTBGDCP
H9IU22E,HI221W99HA,MH9IQVW
G24S10F,TW138D0O1G,706LOH2
7QSIPEH,AN397S5RSI,TAW39WP
3PXAN1Z,QV741IG248,584O6PU
YUW6G0P,IN009KUD12,VIO4D1K
7TVVZ9M,GV32235T5I,B590MHU
2X1LN60,UJ1902SZ74,9QNC9XH
TNPVYLW,AT0971JPEB,CDW215F
ULZK6I7,ZO213ADVAL,PQYFCCX
QOQ5H66,FU119WGN5I,ZF6DB9D
VRMHXNU,GN1077TGK9,HP5GAFL
YJHA5M4,NL479YC3PM,31JJY10
F65QH0E,IX83928QKZ,KUVNKQY
YWMQMRN,MU581HY914,KE3EOEN
4N72GE1,ZT17074KDS,P6UL25I
ZTP3KFY,HI221W99HA,ZEJ1BLM
5ZY6396,TW138D0O1G,QI7ASQJ
4PUNUHU,AN397S5RSI,IYPBGKJ
U3VR6LE,QV741IG248,RBVUSAY
U4GTUEA,IN009KUD12,EOJMANM
M4AM97L,GV32235T5I,QTXT0EQ
6J27TSN,UJ1902SZ74,TI0YG0S
39GY6HE,AT0971JPEB,ZNSC7CP
29NFIRL,ZO213ADVAL,686CI6M
JZW5L5M,FU119WGN5I,0MIDDS8
1HPG7CF,GN1077TGK9,9ST80IY
26CS7YB,NL479YC3PM,IXE7OQS
AMG6DYZ,IX83928QKZ,63ZQXBU
66QAF3F,MU581HY914,C6KZDTB
NF1TBO4,ZT17074KDS,LTKXU9M
BALUPNH,HI221W99HA,UUZRA9N
D1YDTHA,TW138D0O1G,VDX0SY6
NUSC90O,AN397S5RSI,BK87UQF
XMQ3NYH,QV741IG248,PTQW50W
KXSZGOU,IN009KUD12,J7KFFAN
L59B6V9,GV32235T5I,OL6LQ28
V4F4CG2,UJ1902SZ74,5EF7T4E
D9W85YN,AT0971JPEB,L1J6OQH
4E0JBBG,ZO213ADVAL,NIXATV8
8HO9Y84,FU119WGN5I,GISTO66
3DN8NWR,GN1077TGK9,7G3X5B7
3EGAC49,NL479YC3PM,R4P85VL
XTEDSDK,IX83928QKZ,CYTG0B3
4N1U4T7,MU581HY914,2BAFKZ7
109FY7X,ZT17074KDS,1ZI8GXF
LTAJ1HB,HI221W99HA,O1FTM22
UT7YEMZ,TW138D0O1G,9ZQGO1Q
DE20OX0,AN397S5RSI,NPSFG3U
22D7HTO,QV741IG248,EV4UYNY
23VESH0,IN009KUD12,W4HKMV1
DBHQS5L,GV32235T5I,2JAL5QK
AD8DAN7,UJ1902SZ74,OAF6X8A
8IV8ZQC,AT0971JPEB,4YMXXSU
CFBRCA7,ZO213ADVAL,Z44V2QW
GKDZNVV,FU119WGN5I,33PP1D3
DJ7RAX9,GN1077TGK9,K9039QY
NQAD66H,NL479YC3PM,J5LLECQ
DGB2TY4,IX83928QKZ,7EV3GJ4
DXESA6D,MU581HY914,YN2LP8G
64IH2G1,ZT17074KDS,YG8GZ4X
MX8UQHW,HI221W99HA,R721OY0
FKTRM45,TW138D0O1G,91SW0E1
Q8TQ2ON,AN397S5RSI,U5DD9WQ
T4DDPN2,QV741IG248,QIZNGJS
BDB5X56,IN009KUD12,8KSZC3H
Q2HVLN6,GV32235T5I,EQDF3MW
YRAYYIF,UJ1902SZ74,GXHEHCD
S5OT9E0,AT0971JPEB,XMDWIKH
MX27I4T,ZO213ADVAL,S7RR3EX
OPRFV32,FU119WGN5I,J01ZVTR
7KZR222,GN1077TGK9,W1PNBDL
3N3RX4D,NL479YC3PM,KHAXZG3
D59SW5A,IX83928QKZ,RENE586
A7X5XCQ,MU581HY914,YCB94KU
7JNTS7L,ZT17074KDS,I80RF6T
VJPEYM1,HI221W99HA,WLI8EQ1
VBRQXWB,TW138D0O1G,840ITUS
2NZ0C1F,AN397S5RSI,2O6PXOR
6CBDB8B,QV741IG248,IMOKK21
WGLBFKF,IN009KUD12,5IOYPXB
LKU3LSG,GV32235T5I,4EJVTIX
ZKHJNT4,UJ1902SZ74,V7MGIZE
R50Q2AZ,AT0971JPEB,96LXURP
LYXKNV0,ZO213ADVAL,BZ7BV64
18H512X,FU119WGN5I,BFSFSXU
JR3O2MU,GN1077TGK9,CH9PL9M
3MLVFB1,NL479YC3PM,8MX6ZGC
53WAMPV,IX83928QKZ,59G8LO3
HN6YM08,MU581HY914,MTAZN7V
WEWF1JE,ZT17074KDS,X367BX4
04PLSH3,HI221W99HA,78YU7ON
RQ8AATA,TW138D0O1G,L6PD8NP
VXNR9GJ,AN397S5RSI,K7WDEJG
SKCF7G6,QV741IG248,NZD0DE6
N4Z6K00,IN009KUD12,OH545OD
X3JSB0A,GV32235T5I,Q74EXEH
RCKLD6P,UJ1902SZ74,S9R1PLE
1MGJ0QO,AT0971JPEB,UVA91J0
KR6RE2R,ZO213ADVAL,ARJ9BTW
A7NIAOU,FU119WGN5I,SD7P1M8
0W2GTLE,GN1077TGK9,8SOZH2I
EV42YPB,NL479YC3PM,GOUUSBE
HJPSUX8,IX83928QKZ,Z9DE58X
YL3NGFP,MU581HY914,BGW3VPB
AXCZ7DO,ZT17074KDS,ILA68CY
WK6BIEB,HI221W99HA,LDZG0RP
PIH9VWP,TW138D0O1G,SY3GHGZ
0ZTQT3C,AN397S5RSI,R4XAQV3
KL03FS5,QV741IG248,D6R4VDS
U3R717R,IN009KUD12,0SIPRLO
UTLWVL5,GV32235T5I,35LY3B0
4Z6E21F,UJ1902SZ74,QPCPYKL
4EZH6A2,AT0971JPEB,KK55NVQ
BY62OLI,ZO213ADVAL,4D55RE5
8US6LD7,FU119WGN5I,3D0ZGAP
V4C8VYE,GN1077TGK9,J7DYQL0
HNGVYWY,NL479YC3PM,0F9BB41
N6HEVC1,IX83928QKZ,L8PVL8M
TLDN0UJ,MU581HY914,R4RWMR1
1Y27W4M,ZT17074KDS,UGLIL78
B56S0J9,HI221W99HA,1QIJP7A
VHJ5CYF,TW138D0O1G,WTK0Q58
ZICK3FX,AN397S5RSI,NHOGRNR
ROOUFQ2,QV741IG248,R7P9DOQ
K0NH256,IN009KUD12,57AWNYN
24DPL6H,GV32235T5I,Z2MGFQT
X8G46V9,UJ1902SZ74,H7O2NIU
B5ND809,AT0971JPEB,HY6SY2I
B0193AB,ZO213ADVAL,17M6M4W
2VRVDZN,FU119WGN5I,ULJQY9R
A6TREZD,GN1077TGK9,8CRLWO3
MQG43JS,NL479YC3PM,KB8XT2N
8IEMIJ2,IX83928QKZ,RUSGL8V
7SK4EY8,MU581HY914,UFP6AGO
7Z1KVX2,ZT17074KDS,VNABJC0
A61LFTG,HI221W99HA,4ROE0MY
X2MVXIS,TW138D0O1G,XTRQIKT
N32WDUY,AN397S5RSI,IFUCNWN
MQES8AK,QV741IG248,J1OKT8P
5THMZZ9,IN009KUD12,00Q8DQF
2ZP2SRV,GV32235T5I,2JGRNZU
XFOQTQ8,UJ1902SZ74,8D51RID
KGMDQQC,AT0971JPEB,TYRIUN5
Q4GT3TN,ZO213ADVAL,NEJOE9K
A333ENO,FU119WGN5I,571KNL9
PWYLUST,GN1077TGK9,WO6UNOE
STFSGZK,NL479YC3PM,WCOJTKH
VGLUZU2,IX83928QKZ,J0IFANM
A2MLLUK,MU581HY914,C9O5LIV
QZDLKKC,ZT17074KDS,NANU7KA
2DRM7RA,HI221W99HA,NTTPGVE
UPNOGKC,TW138D0O1G,RN68KBE
TB77WFB,AN397S5RSI,CM91R8D
42KK5ZM,QV741IG248,2TZIYHS
NQ7SVYU,IN009KUD12,6NFFOMF
WLLDTE0,GV32235T5I,TKTM50Y
3N4MOOG,UJ1902SZ74,RVD3YIX
WJRCK01,AT0971JPEB,FBI5B5G
9DPMC4A,ZO213ADVAL,44RJJ2B
D3KHRLI,FU119WGN5I,DM9OYCM
OT1YG46,GN1077TGK9,QMUGEWG
X3QR966,NL479YC3PM,RJQHJT4
TU2DBGD,IX83928QKZ,QHCXNKV
05F08SV,MU581HY914,WK5BUAR
VQA11SA,ZT17074KDS,J6F8YIR
KQWOKA6,HI221W99HA,QIPE84I
A1WRCUM,TW138D0O1G,HZ5NE8A
9Y9MDJE,AN397S5RSI,DGWMXJ9
ZMG8YGY,QV741IG248,F930OAW
PFKWZ2V,IN009KUD12,XY1WQ6N
AK2HFP6,GV32235T5I,2T2SQ7A
3DU0CCQ,UJ1902SZ74,819SRC1
CWMEHHR,AT0971JPEB,MHU5RYB
ZL9E7NJ,ZO213ADVAL,BUQ5A9A
RGW74QS,FU119WGN5I,7TY7U5A
VSC0NSG,GN1077TGK9,147EFSQ
9K0NGOV,NL479YC3PM,DS7KVSN
OJMME67,IX83928QKZ,CDKFOM5
SVK0P90,MU581HY914,UD4XYY4
8H89BFU,ZT17074KDS,RXYJT63
9VPMQT8,HI221W99HA,DLZ1AA4
AWT9382,TW138D0O1G,HC5QSB1
KOPRBKQ,AN397S5RSI,OGD0WH6
233UKMR,QV741IG248,HBAL1KF
U4JHZ6O,IN009KUD12,0QTJY8X
7NZ7G72,GV32235T5I,0JJHOQ7
NV8C8I1,UJ1902SZ74,32E0KHW
XLQ9CBH,AT0971JPEB,SA2HQYO
9WKI0YR,ZO213ADVAL,0EL15PB
7XKPT0Q,FU119WGN5I,74IL1HQ
MYNGP44,GN1077TGK9,W8GNNV1
58DKU8X,NL479YC3PM,H0A1PTH
CZJ4XZ4,IX83928QKZ,V75N129
NVVWIUF,MU581HY914,OEAKN59
JACIKFP,ZT17074KDS,ELNTHE2
5N7IVF9,HI221W99HA,B85BZNL
0D8DXNZ,TW138D0O1G,CH4C93X
AXDZ7BM,AN397S5RSI,RK9BCNS
B2DL31V,QV741IG248,AR6XS1Z
3V36P89,IN009KUD12,L0LKTZJ
RZPHTP7,GV32235T5I,PRWI0MZ
QIK28WM,UJ1902SZ74,I4YNLL6
FNUHRVH,AT0971JPEB,KPB6R8B
TOAVVNY,ZO213ADVAL,CLCFGKP
I6ITS8G,FU119WGN5I,YK7TBPH
QH2IJAF,GN1077TGK9,CFLT5TY
SRFG9D6,NL479YC3PM,L29QOFJ
FNNJNJ0,IX83928QKZ,N9DXMNR
40OPF3D,MU581HY914,NE6G9T0
3YU8IWM,ZT17074KDS,D8EWSZA
AOJ0RDG,HI221W99HA,UEB3SSD
18EDAJL,TW138D0O1G,Q0CEDY6
16BFA3R,AN397S5RSI,Z7GWQW1
9CV9EK0,QV741IG248,Y1CLWE0
T22RXUH,IN009KUD12,Z55PJUQ
1Z1M9NK,GV32235T5I,SRGJE56
LWGNS5S,UJ1902SZ74,GFPCHJF
0BOHNAR,AT0971JPEB,7HB4RBQ
T6NDHFV,ZO213ADVAL,6DG2V6H
K7FHPZR,FU119WGN5I,L8GDH98
WTKQUVE,GN1077TGK9,XIDRCX9
4TNOZA0,NL479YC3PM,G2QR6CC
ASDPGQH,IX83928QKZ,ZRI0EC1
ATRH18O,MU581HY914,BO2JRD0
8IBUM4V,ZT17074KDS,QM7V152
1ZKQJAY,HI221W99HA,KM8HE1Q
3PUVCDA,TW138D0O1G,ZCJ8UNI
L98P75C,AN397S5RSI,1MWVVP6
69GMZPH,QV741IG248,8E4MPSP
TQOWRSR,IN009KUD12,ZE4DBMU
CF6M8F0,GV32235T5I,W3TJETR
CNO2V6N,UJ1902SZ74,FWN8ME5
7EUMK4V,AT0971JPEB,OJYVM7T
VI601GJ,ZO213ADVAL,V6R4MUO
UKGO1ZT,FU119WGN5I,PBOFRZN
T4TTRS9,GN1077TGK9,A4OFLJK
AGCJY1E,NL479YC3PM,4AXFS53
PCBABEE,IX83928QKZ,2ENW7I8
21LL2V6,MU581HY914,6EFYO8X
X5RZWQZ,ZT17074KDS,9UA4EPL
KY4GIB9,HI221W99HA,TUZR8CF
HNWXEX3,TW138D0O1G,XWWDBFY
G5SMSQW,AN397S5RSI,G1W0U02
98D3DFC,QV741IG248,XRE8ABF
EY1EI88,IN009KUD12,GIUTHTF
XO6QOS2,GV32235T5I,96XTRXB
5AMIZ86,UJ1902SZ74,F4RMS52
XTP9P5C,AT0971JPEB,8HQEG5V
D1J3JZH,ZO213ADVAL,BM862FK
UKRXP99,FU119WGN5I,PIP9QBB
NTPE8VM,GN1077TGK9,IPOUI8O
61Y1BQD,NL479YC3PM,U8CXZLG
Q70ERMC,IX83928QKZ,P37D8O9
TOU5510,MU581HY914,S9NK169
OLAMSW6,ZT17074KDS,TA8M2PQ
OO79H1V,HI221W99HA,SEFGSAX
T0ZTFCT,TW138D0O1G,DHJ5C4C
L1F92VS,AN397S5RSI,38CAAE6
MPK8J3J,QV741IG248,KCZJNVY
ZYUQ13B,IN009KUD12,W68CMC6
9MD2FHN,GV32235T5I,GENDW7D
R6ZUKZU,UJ1902SZ74,X4YS2XG
RR5TSJB,AT0971JPEB,Y63ILXL
EFUUDIL,ZO213ADVAL,NH9RFLC
A9J6P9V,FU119WGN5I,WCCTPTL
S2O2NBJ,GN1077TGK9,27W7WDI
I1VDLBP,NL479YC3PM,L1S9WSK
W8OLI8N,IX83928QKZ,TTKQW9S
PV6ZZBG,MU581HY914,IO8M2OS
L8UEJLT,ZT17074KDS,691MWQY
SY50QRG,HI221W99HA,DBNLDVJ
D6EF5R2,TW138D0O1G,7AUJLOE
80WVN2H,AN397S5RSI,LNUAWS0
2R5CEQ1,QV741IG248,K0VKVCM
I6HASCE,IN009KUD12,EE5HWOD
CG4PWCR,GV32235T5I,XK6B3PG
F5EC6S9,UJ1902SZ74,WEPPU3L
S5PYFHU,AT0971JPEB,9FKZK2E
FC486ZT,ZO213ADVAL,OCBNBJ1
P9B9V12,FU119WGN5I,SL57SVO
PUC5CD4,GN1077TGK9,PL5Q0YW
NOTQET1,NL479YC3PM,0VQWLN9
6R9WGUM,IX83928QKZ,U307NGZ
LAJ58SI,MU581HY914,ETNWNW7
V7Q13C5,ZT17074KDS,95NSGU9
2RJVOZM,HI221W99HA,GJGBCEC
UT4YHY5,TW138D0O1G,NR48XYR
9SAJLEY,AN397S5RSI,Z1VNMTK
NVA5EB1,QV741IG248,BPVEU55
XEQOG42,IN009KUD12,F6P94DX
GYVQV1M,GV32235T5I,XCMPUYS
16FD9H2,UJ1902SZ74,492RFDB
VYE5OFB,AT0971JPEB,3ASGN0H
9FA6N3X,ZO213ADVAL,H3DQ7T9
2VTE45M,FU119WGN5I,0ZES9BJ
9JHY25Q,GN1077TGK9,90FZ0JR
67XIA2X,NL479YC3PM,BLQ8V8O
T9FQNYE,IX83928QKZ,XFXYYR6
ZPSQ3T1,MU581HY914,SKNG9QP
9CJ2O4U,ZT17074KDS,VB5VQBZ
AKSOFLS,HI221W99HA,6IR7GGV
OS6REGC,TW138D0O1G,32MOUU1
2PRGDZC,AN397S5RSI,YWCM6I3
7H4UX0F,QV741IG248,CRUDX5H
LQ9FU5D,IN009KUD12,JBPCGNN
D9TZZS7,GV32235T5I,RL5YF70
CKF5V92,UJ1902SZ74,9G9XC7V
YAP84E9,AT0971JPEB,288N9DX
PKUNH6O,ZO213ADVAL,2W180FC
D1NB7IQ,FU119WGN5I,0UVP949
BFKZNQE,GN1077TGK9,24XDHTQ
QNSV072,NL479YC3PM,QHB4903
G1N31TF,IX83928QKZ,BADL7RB
X44E1SS,MU581HY914,BA7RGVF
4FMT1MG,ZT17074KDS,S2JLMLP
SXI7GIH,HI221W99HA,FGDGJX4
UUO28Q2,TW138D0O1G,ER0X2PI
ZNPBMYT,AN397S5RSI,5BDYALM
1RVV0JG,QV741IG248,6SDAKHU
J1FFH8E,IN009KUD12,G246H6E
PIUZ671,GV32235T5I,2X99KDN
5OXX9EF,UJ1902SZ74,W1SFQVD
650FOV3,AT0971JPEB,33DR4PI
U1G12XK,ZO213ADVAL,T9BMRZS
7NZWL8Z,FU119WGN5I,YTCHS7G
DTBGDCP,GN1077TGK9,SZU9U5C
MH9IQVW,NL479YC3PM,CAZSOY4
706LOH2,IX83928QKZ,GOHB8NG
TAW39WP,MU581HY914,V6OA30N
584O6PU,ZT17074KDS,48ND9VR
VIO4D1K,HI221W99HA,DRL1BU4
B590MHU,TW138D0O1G,SYV7HVG
9QNC9XH,AN397S5RSI,ULZ7RGE
CDW215F,QV741IG248,UHAVZ08
PQYFCCX,IN009KUD12,DJWN8YU
ZF6DB9D,GV32235T5I,NDAWHZR
HP5GAFL,UJ1902SZ74,SODYLI9
31JJY10,AT0971JPEB,T7ZMEM7
KUVNKQY,ZO213ADVAL,HSRP2ZE
KE3EOEN,FU119WGN5I,TRQENEF
P6UL25I,GN1077TGK9,8OQDEUG
ZEJ1BLM,NL479YC3PM,HQLMQTR
QI7ASQJ,IX83928QKZ,4FRE6ZB
IYPBGKJ,MU581HY914,CG5RG04
RBVUSAY,ZT17074KDS,T2PXLLE
EOJMANM,HI221W99HA,PGRN66Z
QTXT0EQ,TW138D0O1G,YEQ7BP9
TI0YG0S,AN397S5RSI,7MWQKQL
ZNSC7CP,QV741IG248,D15ANEO
686CI6M,IN009KUD12,EOODVKO
0MIDDS8,GV32235T5I,D8DLDXR
9ST80IY,UJ1902SZ74,HLGTMOF
IXE7OQS,AT0971JPEB,GYHGIYE
63ZQXBU,ZO213ADVAL,ELVJQ9P
C6KZDTB,FU119WGN5I,TS957J0
LTKXU9M,GN1077TGK9,JIUWQMR
UUZRA9N,NL479YC3PM,SOOSTY3
VDX0SY6,IX83928QKZ,Z8ABS9C
BK87UQF,MU581HY914,E6X10SH
PTQW50W,ZT17074KDS,DXYACM4
J7KFFAN,HI221W99HA,4UQ52GO
OL6LQ28,TW138D0O1G,P6UT0D1
5EF7T4E,AN397S5RSI,HH18XM2
L1J6OQH,QV741IG248,IOTTTJ5
NIXATV8,IN009KUD12,ZIVFG3K
GISTO66,GV32235T5I,RXF86XP
7G3X5B7,UJ1902SZ74,G9EDV6K
R4P85VL,AT0971JPEB,S9HVGXP
CYTG0B3,ZO213ADVAL,8639YC3
2BAFKZ7,FU119WGN5I,3CDP7UT
1ZI8GXF,GN1077TGK9,06OUFGB
O1FTM22,NL479YC3PM,BHRICY1
9ZQGO1Q,IX83928QKZ,LJCF433
NPSFG3U,MU581HY914,VGG1NMK
EV4UYNY,ZT17074KDS,5JWB2KW
W4HKMV1,HI221W99HA,CUFTTU6
2JAL5QK,TW138D0O1G,4PWVA1H
OAF6X8A,AN397S5RSI,AMCQOXS
4YMXXSU,QV741IG248,GSLXCE1
Z44V2QW,IN009KUD12,HU7B1C1
33PP1D3,GV32235T5I,XI1QTKE
K9039QY,UJ1902SZ74,LX3NBM2
J5LLECQ,AT0971JPEB,GJVHRRT
7EV3GJ4,ZO213ADVAL,IQQPCY9
YN2LP8G,FU119WGN5I,M6FCY6S
YG8GZ4X,GN1077TGK9,DT2538O
R721OY0,NL479YC3PM,OAF643V
91SW0E1,IX83928QKZ,82TUKEJ
U5DD9WQ,MU581HY914,MVZQGPX
QIZNGJS,ZT17074KDS,K4XGO8R
8KSZC3H,HI221W99HA,G7L63RX
EQDF3MW,TW138D0O1G,DB0CM6Q
GXHEHCD,AN397S5RSI,M45Q5UJ
XMDWIKH,QV741IG248,5Y6BEWO
S7RR3EX,IN009KUD12,0F1CRDC
J01ZVTR,GV32235T5I,0IB13PB
W1PNBDL,UJ1902SZ74,Z1OXWZ0
KHAXZG3,AT0971JPEB,N1W6GEY
RENE586,ZO213ADVAL,FCVD5I7
YCB94KU,FU119WGN5I,PNNBP3L
I80RF6T,GN1077TGK9,DNPSSQW
WLI8EQ1,NL479YC3PM,0DCVJ10
840ITUS,IX83928QKZ,RQMXL01
2O6PXOR,MU581HY914,0IW857T
IMOKK21,ZT17074KDS,S8AGPHQ
5IOYPXB,HI221W99HA,3SQ2S40
4EJVTIX,TW138D0O1G,BCMJKQ0
V7MGIZE,AN397S5RSI,2603VQK
96LXURP,QV741IG248,ZEL4AIP
BZ7BV64,IN009KUD12,V0SMC40
BFSFSXU,GV32235T5I,AG8M7IU
CH9PL9M,UJ1902SZ74,6R1Z6F1
8MX6ZGC,AT0971JPEB,M91XP35
59G8LO3,ZO213ADVAL,ZHNTSBX
MTAZN7V,FU119WGN5I,FUW6KGW
X367BX4,GN1077TGK9,VMQ666V
78YU7ON,NL479YC3PM,TL2RK5C
L6PD8NP,IX83928QKZ,I3U5NGM
K7WDEJG,MU581HY914,RW7B2I3
NZD0DE6,ZT17074KDS,4GHMEXU
OH545OD,HI221W99HA,NYFGQMH
Q74EXEH,TW138D0O1G,VAIXAZF
S9R1PLE,AN397S5RSI,HPUU65R
UVA91J0,QV741IG248,LA81NE2
ARJ9BTW,IN009KUD12,X7GSVVL
SD7P1M8,GV32235T5I,EJMGDD8
8SOZH2I,UJ1902SZ74,XOU33J3
GOUUSBE,AT0971JPEB,28OB3LE
Z9DE58X,ZO213ADVAL,JW3F2X8
BGW3VPB,FU119WGN5I,B7SQNED
ILA68CY,GN1077TGK9,90L5R7K
LDZG0RP,NL479YC3PM,6ARGDTH
SY3GHGZ,IX83928QKZ,LZSTS1I
R4XAQV3,MU581HY914,CS7D0YX
D6R4VDS,ZT17074KDS,Z4EASQE
0SIPRLO,HI221W99HA,I7RCY0X
35LY3B0,TW138D0O1G,YA7TLMX
QPCPYKL,AN397S5RSI,GRYHG8Q
KK55NVQ,QV741IG248,GZSX1AO
4D55RE5,IN009KUD12,WSN208U
3D0ZGAP,GV32235T5I,OHGEDQS
J7DYQL0,UJ1902SZ74,4BDOHUC
0F9BB41,AT0971JPEB,3QWLTWZ
L8PVL8M,ZO213ADVAL,YN9FOC1
R4RWMR1,FU119WGN5I,QR4WZD9
UGLIL78,GN1077TGK9,PI17JUW
1QIJP7A,NL479YC3PM,IT2LKVQ
WTK0Q58,IX83928QKZ,MQZZRR4
NHOGRNR,MU581HY914,B2HG8XM
R7P9DOQ,ZT17074KDS,U30PS5G
57AWNYN,HI221W99HA,IY9VR2E
Z2MGFQT,TW138D0O1G,1SR4KMA
H7O2NIU,AN397S5RSI,19ZTYTT
HY6SY2I,QV741IG248,QB7PUEY
17M6M4W,IN009KUD12,ROSEGG8
ULJQY9R,GV32235T5I,S8OWSOE
8CRLWO3,UJ1902SZ74,JRVSO8R
KB8XT2N,AT0971JPEB,GN0CZE8
RUSGL8V,ZO213ADVAL,TRH2F9U
UFP6AGO,UA700ZHN5F,QAVIAEZ
VNABJC0,TR202OHRJ8,ZZ9L1PI
4ROE0MY,RY8076ADQX,DMTX6BZ
XTRQIKT,ZF254JDBWA,2EGYICG
IFUCNWN,HT187TM346,FHD38QR
J1OKT8P,AN106VMB9Z,RQ3SSD8
00Q8DQF,FF3610NQ0W,EZWIPGS
2JGRNZU,BS508XXHRD,SI17ALA
8D51RID,EU290A8ENU,H9ZP82E
TYRIUN5,ES187TFWQ2,83HR5QU
NEJOE9K,JZ187GWLN4,HAP9NK6
571KNL9,JW592Q3SL6,FT79ZVS
WO6UNOE,FH43868JVJ,36K7PGA
WCOJTKH,SU2488GBJT,JKEVRB3
J0IFANM,ML469SF2K2,LUBXI4Y
C9O5LIV,PL3630RQA1,NWC8JTO
NANU7KA,GK022DF4QW,SOVSMI1
NTTPGVE,TT307O6LI0,61TYF6J
RN68KBE,CO124ZSD0O,QB8YOWJ
CM91R8D,FC438KLT2J,4UDHEE0
2TZIYHS,HP871D4F83,NEER1C3
6NFFOMF,ZD552B4JBM,M98VB8S
TKTM50Y,OJ2250C54Q,4KLL5HA
RVD3YIX,OI8633SWUT,0GV1L88
FBI5B5G,DT520ZOXYB,5CAHO8H
44RJJ2B,RG598ASDO7,GGZSYNN
DM9OYCM,DH031YQ31Y,YIGBHTZ
QMUGEWG,XW73487FO8,5K5DFOO
RJQHJT4,WR515MRIQX,086AQOV
QHCXNKV,DW699P5QVC,23OJAUW
WK5BUAR,AJ650FB45L,CB15FKY
J6F8YIR,TR723MA1YJ,JQUANB7
QIPE84I,GM908GVWQ5,E6OF1V7
HZ5NE8A,WM417NWVWW,DE5ZBX7
DGWMXJ9,YQ530V4QMY,HF4LRZM
F930OAW,MG684CDYQL,ZJVCQV4
XY1WQ6N,SD943E74A0,LAC0T26
2T2SQ7A,QX118174TB,TXS2Z9F
819SRC1,FI450JPZCV,PMPY1RU
MHU5RYB,HE967K2P62,2GADGDV
BUQ5A9A,UC95605J9C,44MWZIU
7TY7U5A,JU321C82FC,4M9VWYV
147EFSQ,ET674G0JJH,ZJT6POP
DS7KVSN,QW9998X5WK,7WZBJJN
CDKFOM5,TK143QJ0LV,N64I7CY
UD4XYY4,UA700ZHN5F,6RQ3W8B
RXYJT63,TR202OHRJ8,9SA5GRO
DLZ1AA4,RY8076ADQX,CQSLZJN
HC5QSB1,ZF254JDBWA,ZKNHYUQ
OGD0WH6,HT187TM346,5RCFEAN
HBAL1KF,AN106VMB9Z,J5H2S0H
0QTJY8X,FF3610NQ0W,OQ2O30Q
0JJHOQ7,BS508XXHRD,RJI61OR
32E0KHW,EU290A8ENU,EMP4W84
SA2HQYO,ES187TFWQ2,9C6EBD0
0EL15PB,JZ187GWLN4,D7F0RJR
74IL1HQ,JW592Q3SL6,JMUYFQJ
W8GNNV1,FH43868JVJ,TL5A7W8
H0A1PTH,SU2488GBJT,6J7YG55
V75N129,ML469SF2K2,QYQOGYF
OEAKN59,PL3630RQA1,SVJDMK7
ELNTHE2,GK022DF4QW,N4QSH2R
B85BZNL,TT307O6LI0,Q9Y0AYF
CH4C93X,CO124ZSD0O,QKOPEWQ
RK9BCNS,FC438KLT2J,VLVH9OT
AR6XS1Z,HP871D4F83,1LQVGW4
L0LKTZJ,ZD552B4JBM,P7OOHL3
PRWI0MZ,OJ2250C54Q,9AY3FNP
I4YNLL6,OI8633SWUT,HU378CS
KPB6R8B,DT520ZOXYB,6GUU85R
CLCFGKP,RG598ASDO7,YUDE4HT
YK7TBPH,DH031YQ31Y,UCRFJJT
CFLT5TY,XW73487FO8,AV4EIHF
L29QOFJ,WR515MRIQX,CRBVZRK
N9DXMNR,DW699P5QVC,6T44EYH
NE6G9T0,AJ650FB45L,N63QKZ7
D8EWSZA,TR723MA1YJ,E4ULMGH
UEB3SSD,GM908GVWQ5,WBRM2GL
Q0CEDY6,WM417NWVWW,KUYT1TA
Z7GWQW1,YQ530V4QMY,SYCFNT1
Y1CLWE0,MG684CDYQL,649I366
Z55PJUQ,SD943E74A0,8WNCHXV
SRGJE56,QX118174TB,HT14D2Z
GFPCHJF,FI450JPZCV,UOUB8R9
7HB4RBQ,HE967K2P62,6FAJYZH
6DG2V6H,UC95605J9C,43RIHLN
L8GDH98,JU321C82FC,UPBD72J
XIDRCX9,ET674G0JJH,13OSX2S
G2QR6CC,QW9998X5WK,UUFI363
ZRI0EC1,TK143QJ0LV,0RCV4CG
BO2JRD0,UA700ZHN5F,IPN8VB3
QM7V152,TR202OHRJ8,IYD5EFN
KM8HE1Q,RY8076ADQX,Z13AEK2
ZCJ8UNI,ZF254JDBWA,1GWJB0J
1MWVVP6,HT187TM346,XDJELYF
8E4MPSP,AN106VMB9Z,M3P97IB
ZE4DBMU,FF3610NQ0W,DT6MQKP
W3TJETR,BS508XXHRD,826HKE8
FWN8ME5,EU290A8ENU,QVXSYTY
OJYVM7T,ES187TFWQ2,64IZ3PZ
V6R4MUO,JZ187GWLN4,BQT5FM6
PBOFRZN,JW592Q3SL6,AFDP2U8
A4OFLJK,FH43868JVJ,R9UC5OB
4AXFS53,SU2488GBJT,TZMCA6F
2ENW7I8,ML469SF2K2,X8YD45S
6EFYO8X,PL3630RQA1,GIIGLL4
9UA4EPL,GK022DF4QW,CAHNDFI
TUZR8CF,TT307O6LI0,IU5EPFN
XWWDBFY,CO124ZSD0O,LRYYB6S
G1W0U02,FC438KLT2J,MGHXZDL
XRE8ABF,HP871D4F83,RRANUPH
GIUTHTF,ZD552B4JBM,Z6ZUOH8
96XTRXB,OJ2250C54Q,8IYN8H6
F4RMS52,OI8633SWUT,4X7DMIK
8HQEG5V,DT520ZOXYB,OP0LPGE
BM862FK,RG598ASDO7,DJ4NIQ4
PIP9QBB,DH031YQ31Y,83WM68X
IPOUI8O,XW73487FO8,3OK7UP0
U8CXZLG,WR515MRIQX,SVPCUNO
P37D8O9,DW699P5QVC,BF8K8VD
S9NK169,AJ650FB45L,TKFGIHP
TA8M2PQ,TR723MA1YJ,ZPY1W0I
SEFGSAX,GM908GVWQ5,L0PSSG0
DHJ5C4C,WM417NWVWW,B8UK6WY
38CAAE6,YQ530V4QMY,M1YSXZR
KCZJNVY,MG684CDYQL,B7XTPAW
W68CMC6,SD943E74A0,W8EE68A
GENDW7D,QX118174TB,7LJX567
X4YS2XG,FI450JPZCV,SXIARWX
Y63ILXL,HE967K2P62,I8J1CUS
NH9RFLC,UC95605J9C,E15XCAJ
WCCTPTL,JU321C82FC,EELBEJY
27W7WDI,ET674G0JJH,39MB50Z
L1S9WSK,QW9998X5WK,CP8C831
TTKQW9S,TK143QJ0LV,HNFURBO
IO8M2OS,UA700ZHN5F,CL68H6V
691MWQY,TR202OHRJ8,CLRSBNI
DBNLDVJ,RY8076ADQX,BOA8A09
7AUJLOE,ZF254JDBWA,SQW4DRM
LNUAWS0,HT187TM346,XRM5BAW
K0VKVCM,AN106VMB9Z,50O7AT8
EE5HWOD,FF3610NQ0W,YHI5SWJ
XK6B3PG,BS508XXHRD,RCU1UXV
WEPPU3L,EU290A8ENU,O70O817
9FKZK2E,ES187TFWQ2,MPSEAME
OCBNBJ1,JZ187GWLN4,RK4S6HU
SL57SVO,JW592Q3SL6,AIFFABF
PL5Q0YW,FH43868JVJ,LPQ82HX
0VQWLN9,SU2488GBJT,U7BI5I1
U307NGZ,ML469SF2K2,SYALPFN
ETNWNW7,PL3630RQA1,6FTQIEQ
95NSGU9,GK022DF4QW,TWM02HX
GJGBCEC,TT307O6LI0,XJ0L3YG
NR48XYR,CO124ZSD0O,BQURN0L
Z1VNMTK,FC438KLT2J,BQ3BH5J
BPVEU55,HP871D4F83,V629OK6
F6P94DX,ZD552B4JBM,PBH6R46
XCMPUYS,OJ2250C54Q,7AU6RXJ
492RFDB,OI8633SWUT,9JLHNGU
3ASGN0H,DT520ZOXYB,BPG8ZPK
H3DQ7T9,RG598ASDO7,EFRZXAC
0ZES9BJ,DH031YQ31Y,NS3CVEM
90FZ0JR,XW73487FO8,PS2QDXJ
BLQ8V8O,WR515MRIQX,CTL4ESP
XFXYYR6,DW699P5QVC,EY4NWGL
SKNG9QP,AJ650FB45L,676FRX3
VB5VQBZ,TR723MA1YJ,B7L4CBQ
6IR7GGV,GM908GVWQ5,DGTL75S
32MOUU1,WM417NWVWW,HASGL0P
YWCM6I3,YQ530V4QMY,HBGHRXH
CRUDX5H,MG684CDYQL,DNXQEEX
JBPCGNN,SD943E74A0,L3VSWT2
RL5YF70,QX118174TB,T1X1AYY
9G9XC7V,FI450JPZCV,77Y3QO6
288N9DX,HE967K2P62,EE2V1BA
2W180FC,UC95605J9C,23OQ3XR
0UVP949,JU321C82FC,XKTG49U
24XDHTQ,ET674G0JJH,Z3QDDGC
QHB4903,QW9998X5WK,Z5NJH3Z
BADL7RB,TK143QJ0LV,995RRCD
BA7RGVF,UA700ZHN5F,VWP3WHC
S2JLMLP,TR202OHRJ8,1RRUXNO
FGDGJX4,RY8076ADQX,I70ZX94
ER0X2PI,ZF254JDBWA,RIH777F
5BDYALM,HT187TM346,50PF94Z
6SDAKHU,AN106VMB9Z,J7OMT5K
G246H6E,FF3610NQ0W,3PI6D8D
2X99KDN,BS508XXHRD,0VSFWS7
W1SFQVD,EU290A8ENU,1JUDV7W
33DR4PI,ES187TFWQ2,0WJHQV9
T9BMRZS,JZ187GWLN4,309CNLC
YTCHS7G,JW592Q3SL6,GZW69L2
SZU9U5C,FH43868JVJ,FNPW2PV
CAZSOY4,SU2488GBJT,E21NIMP
GOHB8NG,ML469SF2K2,CDK7QMS
V6OA30N,PL3630RQA1,4X8CAL9
48ND9VR,GK022DF4QW,NTP1JDA
DRL1BU4,TT307O6LI0,Y7OXHZ4
SYV7HVG,CO124ZSD0O,D9LEDU0
ULZ7RGE,FC438KLT2J,L8ONK6W
UHAVZ08,HP871D4F83,OHA9444
DJWN8YU,ZD552B4JBM,3FDYVZA
NDAWHZR,OJ2250C54Q,4CQ4BGD
SODYLI9,OI8633SWUT,DVPIBKI
T7ZMEM7,DT520ZOXYB,30RFZV3
HSRP2ZE,RG598ASDO7,6QHDB8M
TRQENEF,DH031YQ31Y,JR6RZDR
8OQDEUG,XW73487FO8,I2HS7TD
HQLMQTR,WR515MRIQX,W2WUWWJ
4FRE6ZB,DW699P5QVC,8RHW4H8
CG5RG04,AJ650FB45L,K40XEE8
T2PXLLE,TR723MA1YJ,NTT6QYC
PGRN66Z,GM908GVWQ5,HEPHBLM
YEQ7BP9,WM417NWVWW,5RYHN69
7MWQKQL,YQ530V4QMY,15NFY2J
D15ANEO,MG684CDYQL,H9IU22E
EOODVKO,SD943E74A0,G24S10F
D8DLDXR,QX118174TB,7QSIPEH
HLGTMOF,FI450JPZCV,3PXAN1Z
GYHGIYE,HE967K2P62,YUW6G0P
ELVJQ9P,UC95605J9C,7TVVZ9M
TS957J0,JU321C82FC,2X1LN60
JIUWQMR,ET674G0JJH,TNPVYLW
SOOSTY3,QW9998X5WK,ULZK6I7
Z8ABS9C,TK143QJ0LV,QOQ5H66
E6X10SH,UA700ZHN5F,VRMHXNU
DXYACM4,TR202OHRJ8,YJHA5M4
4UQ52GO,RY8076ADQX,F65QH0E
P6UT0D1,ZF254JDBWA,YWMQMRN
HH18XM2,HT187TM346,4N72GE1
IOTTTJ5,AN106VMB9Z,ZTP3KFY
ZIVFG3K,FF3610NQ0W,5ZY6396
RXF86XP,BS508XXHRD,4PUNUHU
G9EDV6K,EU290A8ENU,U3VR6LE
S9HVGXP,ES187TFWQ2,U4GTUEA
8639YC3,JZ187GWLN4,M4AM97L
3CDP7UT,JW592Q3SL6,6J27TSN
06OUFGB,FH43868JVJ,39GY6HE
BHRICY1,SU2488GBJT,29NFIRL
LJCF433,ML469SF2K2,JZW5L5M
VGG1NMK,PL3630RQA1,1HPG7CF
5JWB2KW,GK022DF4QW,26CS7YB
CUFTTU6,TT307O6LI0,AMG6DYZ
4PWVA1H,CO124ZSD0O,66QAF3F
AMCQOXS,FC438KLT2J,NF1TBO4
GSLXCE1,HP871D4F83,BALUPNH
HU7B1C1,ZD552B4JBM,D1YDTHA
XI1QTKE,OJ2250C54Q,NUSC90O
LX3NBM2,OI8633SWUT,XMQ3NYH
GJVHRRT,DT520ZOXYB,KXSZGOU
IQQPCY9,RG598ASDO7,L59B6V9
M6FCY6S,DH031YQ31Y,V4F4CG2
DT2538O,XW73487FO8,D9W85YN
OAF643V,WR515MRIQX,4E0JBBG
82TUKEJ,DW699P5QVC,8HO9Y84
MVZQGPX,AJ650FB45L,3DN8NWR
K4XGO8R,TR723MA1YJ,3EGAC49
G7L63RX,GM908GVWQ5,XTEDSDK
DB0CM6Q,WM417NWVWW,4N1U4T7
M45Q5UJ,YQ530V4QMY,109FY7X
5Y6BEWO,MG684CDYQL,LTAJ1HB
0F1CRDC,SD943E74A0,UT7YEMZ
0IB13PB,QX118174TB,DE20OX0
Z1OXWZ0,FI450JPZCV,22D7HTO
N1W6GEY,HE967K2P62,23VESH0
FCVD5I7,UC95605J9C,DBHQS5L
PNNBP3L,JU321C82FC,AD8DAN7
DNPSSQW,ET674G0JJH,8IV8ZQC
0DCVJ10,QW9998X5WK,CFBRCA7
RQMXL01,TK143QJ0LV,GKDZNVV
0IW857T,UA700ZHN5F,DJ7RAX9
S8AGPHQ,TR202OHRJ8,NQAD66H
3SQ2S40,RY8076ADQX,DGB2TY4
BCMJKQ0,ZF254JDBWA,DXESA6D
2603VQK,HT187TM346,64IH2G1
ZEL4AIP,AN106VMB9Z,MX8UQHW
V0SMC40,FF3610NQ0W,FKTRM45
AG8M7IU,BS508XXHRD,Q8TQ2ON
6R1Z6F1,EU290A8ENU,T4DDPN2
M91XP35,ES187TFWQ2,BDB5X56
ZHNTSBX,JZ187GWLN4,Q2HVLN6
FUW6KGW,JW592Q3SL6,YRAYYIF
VMQ666V,FH43868JVJ,S5OT9E0
TL2RK5C,SU2488GBJT,MX27I4T
I3U5NGM,ML469SF2K2,OPRFV32
RW7B2I3,PL3630RQA1,7KZR222
4GHMEXU,GK022DF4QW,3N3RX4D
NYFGQMH,TT307O6LI0,D59SW5A
VAIXAZF,CO124ZSD0O,A7X5XCQ
HPUU65R,FC438KLT2J,7JNTS7L
LA81NE2,HP871D4F83,VJPEYM1
X7GSVVL,ZD552B4JBM,VBRQXWB
EJMGDD8,OJ2250C54Q,2NZ0C1F
XOU33J3,OI8633SWUT,6CBDB8B
28OB3LE,DT520ZOXYB,WGLBFKF
JW3F2X8,RG598ASDO7,LKU3LSG
B7SQNED,DH031YQ31Y,ZKHJNT4
90L5R7K,XW73487FO8,R50Q2AZ
6ARGDTH,WR515MRIQX,LYXKNV0
LZSTS1I,DW699P5QVC,18H512X
CS7D0YX,AJ650FB45L,JR3O2MU
Z4EASQE,TR723MA1YJ,3MLVFB1
I7RCY0X,GM908GVWQ5,53WAMPV
YA7TLMX,WM417NWVWW,HN6YM08
GRYHG8Q,YQ530V4QMY,WEWF1JE
GZSX1AO,MG684CDYQL,04PLSH3
WSN208U,SD943E74A0,RQ8AATA
OHGEDQS,QX118174TB,VXNR9GJ
4BDOHUC,FI450JPZCV,SKCF7G6
3QWLTWZ,HE967K2P62,N4Z6K00
YN9FOC1,UC95605J9C,X3JSB0A
QR4WZD9,JU321C82FC,RCKLD6P
PI17JUW,ET674G0JJH,1MGJ0QO
IT2LKVQ,QW9998X5WK,KR6RE2R
MQZZRR4,TK143QJ0LV,A7NIAOU
B2HG8XM,UA700ZHN5F,0W2GTLE
U30PS5G,TR202OHRJ8,EV42YPB
IY9VR2E,RY8076ADQX,HJPSUX8
1SR4KMA,ZF254JDBWA,YL3NGFP
19ZTYTT,HT187TM346,AXCZ7DO
QB7PUEY,AN106VMB9Z,WK6BIEB
ROSEGG8,FF3610NQ0W,PIH9VWP
S8OWSOE,BS508XXHRD,0ZTQT3C
JRVSO8R,EU290A8ENU,KL03FS5
GN0CZE8,ES187TFWQ2,U3R717R
TRH2F9U,JZ187GWLN4,UTLWVL5
QAVIAEZ,JW592Q3SL6,4Z6E21F
ZZ9L1PI,FH43868JVJ,4EZH6A2
DMTX6BZ,SU2488GBJT,BY62OLI
2EGYICG,ML469SF2K2,8US6LD7
FHD38QR,PL3630RQA1,V4C8VYE
RQ3SSD8,GK022DF4QW,HNGVYWY
EZWIPGS,TT307O6LI0,N6HEVC1
SI17ALA,CO124ZSD0O,TLDN0UJ
H9ZP82E,FC438KLT2J,1Y27W4M
83HR5QU,HP871D4F83,B56S0J9
HAP9NK6,ZD552B4JBM,VHJ5CYF
FT79ZVS,OJ2250C54Q,ZICK3FX
36K7PGA,OI8633SWUT,ROOUFQ2
JKEVRB3,DT520ZOXYB,K0NH256
LUBXI4Y,RG598ASDO7,24DPL6H
NWC8JTO,DH031YQ31Y,X8G46V9
SOVSMI1,XW73487FO8,B5ND809
61TYF6J,WR515MRIQX,B0193AB
QB8YOWJ,DW699P5QVC,2VRVDZN
4UDHEE0,AJ650FB45L,A6TREZD
NEER1C3,TR723MA1YJ,MQG43JS
M98VB8S,GM908GVWQ5,8IEMIJ2
4KLL5HA,WM417NWVWW,7SK4EY8
0GV1L88,YQ530V4QMY,7Z1KVX2
5CAHO8H,MG684CDYQL,A61LFTG
GGZSYNN,SD943E74A0,X2MVXIS
YIGBHTZ,QX118174TB,N32WDUY
5K5DFOO,FI450JPZCV,MQES8AK
086AQOV,HE967K2P62,5THMZZ9
23OJAUW,UC95605J9C,2ZP2SRV
CB15FKY,JU321C82FC,XFOQTQ8
JQUANB7,ET674G0JJH,KGMDQQC
E6OF1V7,QW9998X5WK,Q4GT3TN
DE5ZBX7,TK143QJ0LV,A333ENO
HF4LRZM,UA700ZHN5F,PWYLUST
ZJVCQV4,TR202OHRJ8,STFSGZK
LAC0T26,RY8076ADQX,VGLUZU2
TXS2Z9F,ZF254JDBWA,A2MLLUK
PMPY1RU,HT187TM346,QZDLKKC
2GADGDV,AN106VMB9Z,2DRM7RA
44MWZIU,FF3610NQ0W,UPNOGKC
4M9VWYV,BS508XXHRD,TB77WFB
ZJT6POP,EU290A8ENU,42KK5ZM
7WZBJJN,ES187TFWQ2,NQ7SVYU
N64I7CY,JZ187GWLN4,WLLDTE0
6RQ3W8B,JW592Q3SL6,3N4MOOG
9SA5GRO,FH43868JVJ,WJRCK01
CQSLZJN,SU2488GBJT,9DPMC4A
ZKNHYUQ,ML469SF2K2,D3KHRLI
5RCFEAN,PL3630RQA1,OT1YG46
J5H2S0H,GK022DF4QW,X3QR966
OQ2O30Q,TT307O6LI0,TU2DBGD
RJI61OR,CO124ZSD0O,05F08SV
EMP4W84,FC438KLT2J,VQA11SA
9C6EBD0,HP871D4F83,KQWOKA6
D7F0RJR,ZD552B4JBM,A1WRCUM
JMUYFQJ,OJ2250C54Q,9Y9MDJE
TL5A7W8,OI8633SWUT,ZMG8YGY
6J7YG55,DT520ZOXYB,PFKWZ2V
QYQOGYF,RG598ASDO7,AK2HFP6
SVJDMK7,DH031YQ31Y,3DU0CCQ
N4QSH2R,XW73487FO8,CWMEHHR
Q9Y0AYF,WR515MRIQX,ZL9E7NJ
QKOPEWQ,DW699P5QVC,RGW74QS
VLVH9OT,AJ650FB45L,VSC0NSG
1LQVGW4,TR723MA1YJ,9K0NGOV
P7OOHL3,GM908GVWQ5,OJMME67
9AY3FNP,WM417NWVWW,SVK0P90
HU378CS,YQ530V4QMY,8H89BFU
6GUU85R,MG684CDYQL,9VPMQT8
YUDE4HT,SD943E74A0,AWT9382
UCRFJJT,QX118174TB,KOPRBKQ
AV4EIHF,FI450JPZCV,233UKMR
CRBVZRK,HE967K2P62,U4JHZ6O
6T44EYH,UC95605J9C,7NZ7G72
N63QKZ7,JU321C82FC,NV8C8I1
E4ULMGH,ET674G0JJH,XLQ9CBH
WBRM2GL,QW9998X5WK,9WKI0YR
KUYT1TA,TK143QJ0LV,7XKPT0Q
SYCFNT1,UA700ZHN5F,MYNGP44
649I366,TR202OHRJ8,58DKU8X
8WNCHXV,RY8076ADQX,CZJ4XZ4
HT14D2Z,ZF254JDBWA,NVVWIUF
UOUB8R9,HT187TM346,JACIKFP
6FAJYZH,AN106VMB9Z,5N7IVF9
43RIHLN,FF3610NQ0W,0D8DXNZ
UPBD72J,BS508XXHRD,AXDZ7BM
13OSX2S,EU290A8ENU,B2DL31V
UUFI363,ES187TFWQ2,3V36P89
0RCV4CG,JZ187GWLN4,RZPHTP7
IPN8VB3,JW592Q3SL6,QIK28WM
IYD5EFN,FH43868JVJ,FNUHRVH
Z13AEK2,SU2488GBJT,TOAVVNY
1GWJB0J,ML469SF2K2,I6ITS8G
XDJELYF,PL3630RQA1,QH2IJAF
M3P97IB,GK022DF4QW,SRFG9D6
DT6MQKP,TT307O6LI0,FNNJNJ0
826HKE8,CO124ZSD0O,40OPF3D
QVXSYTY,FC438KLT2J,3YU8IWM
64IZ3PZ,HP871D4F83,AOJ0RDG
BQT5FM6,ZD552B4JBM,18EDAJL
AFDP2U8,OJ2250C54Q,16BFA3R
R9UC5OB,OI8633SWUT,9CV9EK0
TZMCA6F,DT520ZOXYB,T22RXUH
X8YD45S,RG598ASDO7,1Z1M9NK
GIIGLL4,DH031YQ31Y,LWGNS5S
CAHNDFI,XW73487FO8,0BOHNAR
IU5EPFN,WR515MRIQX,T6NDHFV
LRYYB6S,DW699P5QVC,K7FHPZR
MGHXZDL,AJ650FB45L,WTKQUVE
RRANUPH,TR723MA1YJ,4TNOZA0
Z6ZUOH8,GM908GVWQ5,ASDPGQH
8IYN8H6,WM417NWVWW,ATRH18O
4X7DMIK,YQ530V4QMY,8IBUM4V
OP0LPGE,MG684CDYQL,1ZKQJAY
DJ4NIQ4,SD943E74A0,3PUVCDA
83WM68X,QX118174TB,L98P75C
3OK7UP0,FI450JPZCV,69GMZPH
SVPCUNO,HE967K2P62,TQOWRSR
BF8K8VD,UC95605J9C,CF6M8F0
TKFGIHP,JU321C82FC,CNO2V6N
ZPY1W0I,ET674G0JJH,7EUMK4V
L0PSSG0,QW9998X5WK,VI601GJ
B8UK6WY,TK143QJ0LV,UKGO1ZT
M1YSXZR,UA700ZHN5F,T4TTRS9
B7XTPAW,TR202OHRJ8,AGCJY1E
W8EE68A,RY8076ADQX,PCBABEE
7LJX567,ZF254JDBWA,21LL2V6
SXIARWX,HT187TM346,X5RZWQZ
I8J1CUS,AN106VMB9Z,KY4GIB9
E15XCAJ,FF3610NQ0W,HNWXEX3
EELBEJY,BS508XXHRD,G5SMSQW
39MB50Z,EU290A8ENU,98D3DFC
CP8C831,ES187TFWQ2,EY1EI88
HNFURBO,JZ187GWLN4,XO6QOS2
CL68H6V,JW592Q3SL6,5AMIZ86
CLRSBNI,FH43868JVJ,XTP9P5C
BOA8A09,SU2488GBJT,D1J3JZH
SQW4DRM,ML469SF2K2,UKRXP99
XRM5BAW,PL3630RQA1,NTPE8VM
50O7AT8,GK022DF4QW,61Y1BQD
YHI5SWJ,TT307O6LI0,Q70ERMC
RCU1UXV,CO124ZSD0O,TOU5510
O70O817,FC438KLT2J,OLAMSW6
MPSEAME,HP871D4F83,OO79H1V
RK4S6HU,ZD552B4JBM,T0ZTFCT
AIFFABF,OJ2250C54Q,L1F92VS
LPQ82HX,OI8633SWUT,MPK8J3J
U7BI5I1,DT520ZOXYB,ZYUQ13B
SYALPFN,RG598ASDO7,9MD2FHN
6FTQIEQ,DH031YQ31Y,R6ZUKZU
TWM02HX,XW73487FO8,RR5TSJB
XJ0L3YG,WR515MRIQX,EFUUDIL
BQURN0L,DW699P5QVC,A9J6P9V
BQ3BH5J,AJ650FB45L,S2O2NBJ
V629OK6,TR723MA1YJ,I1VDLBP
PBH6R46,GM908GVWQ5,W8OLI8N
7AU6RXJ,WM417NWVWW,PV6ZZBG
9JLHNGU,YQ530V4QMY,L8UEJLT
BPG8ZPK,MG684CDYQL,SY50QRG
EFRZXAC,SD943E74A0,D6EF5R2
NS3CVEM,QX118174TB,80WVN2H
PS2QDXJ,FI450JPZCV,2R5CEQ1
CTL4ESP,HE967K2P62,I6HASCE
EY4NWGL,UC95605J9C,CG4PWCR
676FRX3,JU321C82FC,F5EC6S9
B7L4CBQ,ET674G0JJH,S5PYFHU
DGTL75S,QW9998X5WK,FC486ZT
HASGL0P,TK143QJ0LV,P9B9V12
HBGHRXH,UA700ZHN5F,PUC5CD4
DNXQEEX,TR202OHRJ8,NOTQET1
L3VSWT2,RY8076ADQX,6R9WGUM
T1X1AYY,ZF254JDBWA,LAJ58SI
77Y3QO6,HT187TM346,V7Q13C5
EE2V1BA,AN106VMB9Z,2RJVOZM
23OQ3XR,FF3610NQ0W,UT4YHY5
XKTG49U,BS508XXHRD,9SAJLEY
Z3QDDGC,EU290A8ENU,NVA5EB1
Z5NJH3Z,ES187TFWQ2,XEQOG42
995RRCD,JZ187GWLN4,GYVQV1M
VWP3WHC,JW592Q3SL6,16FD9H2
1RRUXNO,FH43868JVJ,VYE5OFB
I70ZX94,SU2488GBJT,9FA6N3X
RIH777F,ML469SF2K2,2VTE45M
50PF94Z,PL3630RQA1,9JHY25Q
J7OMT5K,GK022DF4QW,67XIA2X
3PI6D8D,TT307O6LI0,T9FQNYE
0VSFWS7,CO124ZSD0O,ZPSQ3T1
1JUDV7W,FC438KLT2J,9CJ2O4U
0WJHQV9,HP871D4F83,AKSOFLS
309CNLC,ZD552B4JBM,OS6REGC
GZW69L2,OJ2250C54Q,2PRGDZC
FNPW2PV,OI8633SWUT,7H4UX0F
E21NIMP,DT520ZOXYB,LQ9FU5D
CDK7QMS,RG598ASDO7,D9TZZS7
4X8CAL9,DH031YQ31Y,CKF5V92
NTP1JDA,XW73487FO8,YAP84E9
Y7OXHZ4,WR515MRIQX,PKUNH6O
D9LEDU0,DW699P5QVC,D1NB7IQ
L8ONK6W,AJ650FB45L,BFKZNQE
OHA9444,TR723MA1YJ,QNSV072
3FDYVZA,GM908GVWQ5,G1N31TF
4CQ4BGD,WM417NWVWW,X44E1SS
DVPIBKI,YQ530V4QMY,4FMT1MG
30RFZV3,MG684CDYQL,SXI7GIH
6QHDB8M,SD943E74A0,UUO28Q2
JR6RZDR,QX118174TB,ZNPBMYT
I2HS7TD,FI450JPZCV,1RVV0JG
W2WUWWJ,HE967K2P62,J1FFH8E
8RHW4H8,UC95605J9C,PIUZ671
K40XEE8,JU321C82FC,5OXX9EF
NTT6QYC,ET674G0JJH,650FOV3
HEPHBLM,QW9998X5WK,U1G12XK
5RYHN69,TK143QJ0LV,7NZWL8Z
15NFY2J,UA700ZHN5F,DTBGDCP
H9IU22E,TR202OHRJ8,MH9IQVW
G24S10F,RY8076ADQX,706LOH2
7QSIPEH,ZF254JDBWA,TAW39WP
3PXAN1Z,HT187TM346,584O6PU
YUW6G0P,AN106VMB9Z,VIO4D1K
7TVVZ9M,FF3610NQ0W,B590MHU
2X1LN60,BS508XXHRD,9QNC9XH
TNPVYLW,EU290A8ENU,CDW215F
ULZK6I7,ES187TFWQ2,PQYFCCX
QOQ5H66,JZ187GWLN4,ZF6DB9D
VRMHXNU,JW592Q3SL6,HP5GAFL
YJHA5M4,FH43868JVJ,31JJY10
F65QH0E,SU2488GBJT,KUVNKQY
YWMQMRN,ML469SF2K2,KE3EOEN
4N72GE1,PL3630RQA1,P6UL25I
ZTP3KFY,GK022DF4QW,ZEJ1BLM
5ZY6396,TT307O6LI0,QI7ASQJ
4PUNUHU,CO124ZSD0O,IYPBGKJ
U3VR6LE,FC438KLT2J,RBVUSAY
U4GTUEA,HP871D4F83,EOJMANM
M4AM97L,ZD552B4JBM,QTXT0EQ
6J27TSN,OJ2250C54Q,TI0YG0S
39GY6HE,OI8633SWUT,ZNSC7CP
29NFIRL,DT520ZOXYB,686CI6M
JZW5L5M,RG598ASDO7,0MIDDS8
1HPG7CF,DH031YQ31Y,9ST80IY
26CS7YB,XW73487FO8,IXE7OQS
AMG6DYZ,WR515MRIQX,63ZQXBU
66QAF3F,DW699P5QVC,C6KZDTB
NF1TBO4,AJ650FB45L,LTKXU9M
BALUPNH,TR723MA1YJ,UUZRA9N
D1YDTHA,GM908GVWQ5,VDX0SY6
NUSC90O,WM417NWVWW,BK87UQF
XMQ3NYH,YQ530V4QMY,PTQW50W
KXSZGOU,MG684CDYQL,J7KFFAN
L59B6V9,SD943E74A0,OL6LQ28
V4F4CG2,QX118174TB,5EF7T4E
D9W85YN,FI450JPZCV,L1J6OQH
4E0JBBG,HE967K2P62,NIXATV8
8HO9Y84,UC95605J9C,GISTO66
3DN8NWR,JU321C82FC,7G3X5B7
3EGAC49,ET674G0JJH,R4P85VL
XTEDSDK,QW9998X5WK,CYTG0B3
4N1U4T7,TK143QJ0LV,2BAFKZ7
109FY7X,UA700ZHN5F,1ZI8GXF
LTAJ1HB,TR202OHRJ8,O1FTM22
UT7YEMZ,RY8076ADQX,9ZQGO1Q
DE20OX0,ZF254JDBWA,NPSFG3U
22D7HTO,HT187TM346,EV4UYNY
23VESH0,AN106VMB9Z,W4HKMV1
DBHQS5L,FF3610NQ0W,2JAL5QK
AD8DAN7,BS508XXHRD,OAF6X8A
8IV8ZQC,EU290A8ENU,4YMXXSU
CFBRCA7,ES187TFWQ2,Z44V2QW
GKDZNVV,JZ187GWLN4,33PP1D3
DJ7RAX9,JW592Q3SL6,K9039QY
NQAD66H,FH43868JVJ,J5LLECQ
DGB2TY4,SU2488GBJT,7EV3GJ4
DXESA6D,ML469SF2K2,YN2LP8G
64IH2G1,PL3630RQA1,YG8GZ4X
MX8UQHW,GK022DF4QW,R721OY0
FKTRM45,TT307O6LI0,91SW0E1
Q8TQ2ON,CO124ZSD0O,U5DD9WQ
T4DDPN2,FC438KLT2J,QIZNGJS
BDB5X56,HP871D4F83,8KSZC3H
Q2HVLN6,ZD552B4JBM,EQDF3MW
YRAYYIF,OJ2250C54Q,GXHEHCD
S5OT9E0,OI8633SWUT,XMDWIKH
MX27I4T,DT520ZOXYB,S7RR3EX
OPRFV32,RG598ASDO7,J01ZVTR
7KZR222,DH031YQ31Y,W1PNBDL
3N3RX4D,XW73487FO8,KHAXZG3
D59SW5A,WR515MRIQX,RENE586
A7X5XCQ,DW699P5QVC,YCB94KU
7JNTS7L,AJ650FB45L,I80RF6T
VJPEYM1,TR723MA1YJ,WLI8EQ1
VBRQXWB,GM908GVWQ5,840ITUS
2NZ0C1F,WM417NWVWW,2O6PXOR
6CBDB8B,YQ530V4QMY,IMOKK21
WGLBFKF,MG684CDYQL,5IOYPXB
LKU3LSG,SD943E74A0,4EJVTIX
ZKHJNT4,QX118174TB,V7MGIZE
R50Q2AZ,FI450JPZCV,96LXURP
LYXKNV0,HE967K2P62,BZ7BV64
18H512X,UC95605J9C,BFSFSXU
JR3O2MU,JU321C82FC,CH9PL9M
3MLVFB1,ET674G0JJH,8MX6ZGC
53WAMPV,QW9998X5WK,59G8LO3
HN6YM08,TK143QJ0LV,MTAZN7V
WEWF1JE,UA700ZHN5F,X367BX4
04PLSH3,TR202OHRJ8,78YU7ON
RQ8AATA,RY8076ADQX,L6PD8NP
VXNR9GJ,ZF254JDBWA,K7WDEJG
SKCF7G6,HT187TM346,NZD0DE6
N4Z6K00,AN106VMB9Z,OH545OD
X3JSB0A,FF3610NQ0W,Q74EXEH
RCKLD6P,BS508XXHRD,S9R1PLE
1MGJ0QO,EU290A8ENU,UVA91J0
KR6RE2R,ES187TFWQ2,ARJ9BTW
A7NIAOU,JZ187GWLN4,SD7P1M8
0W2GTLE,JW592Q3SL6,8SOZH2I
EV42YPB,FH43868JVJ,GOUUSBE
HJPSUX8,SU2488GBJT,Z9DE58X
YL3NGFP,ML469SF2K2,BGW3VPB
AXCZ7DO,PL3630RQA1,ILA68CY
WK6BIEB,GK022DF4QW,LDZG0RP
PIH9VWP,TT307O6LI0,SY3GHGZ
0ZTQT3C,CO124ZSD0O,R4XAQV3
KL03FS5,FC438KLT2J,D6R4VDS
U3R717R,HP871D4F83,0SIPRLO
UTLWVL5,ZD552B4JBM,35LY3B0
4Z6E21F,OJ2250C54Q,QPCPYKL
4EZH6A2,OI8633SWUT,KK55NVQ
BY62OLI,DT520ZOXYB,4D55RE5
8US6LD7,RG598ASDO7,3D0ZGAP
V4C8VYE,DH031YQ31Y,J7DYQL0
HNGVYWY,XW73487FO8,0F9BB41
N6HEVC1,WR515MRIQX,L8PVL8M
TLDN0UJ,DW699P5QVC,R4RWMR1
1Y27W4M,AJ650FB45L,UGLIL78
B56S0J9,TR723MA1YJ,1QIJP7A
VHJ5CYF,GM908GVWQ5,WTK0Q58
ZICK3FX,WM417NWVWW,NHOGRNR
ROOUFQ2,YQ530V4QMY,R7P9DOQ
K0NH256,MG684CDYQL,57AWNYN
24DPL6H,SD943E74A0,Z2MGFQT
X8G46V9,QX118174TB,H7O2NIU
B5ND809,FI450JPZCV,HY6SY2I
B0193AB,HE967K2P62,17M6M4W
2VRVDZN,UC95605J9C,ULJQY9R
A6TREZD,JU321C82FC,8CRLWO3
MQG43JS,ET674G0JJH,KB8XT2N
8IEMIJ2,QW9998X5WK,RUSGL8V
7SK4EY8,ID789KWZ0Y,UFP6AGO
7Z1KVX2,HW991WJL7F,VNABJC0
A61LFTG,DN461YHLB3,4ROE0MY
X2MVXIS,WD84045RY5,XTRQIKT
N32WDUY,YV401RBLIV,IFUCNWN
MQES8AK,CM8676IOLV,J1OKT8P
5THMZZ9,QB1164GSNA,00Q8DQF
2ZP2SRV,HC267PP39I,2JGRNZU
XFOQTQ8,CQ728WN8IA,8D51RID
KGMDQQC,OZ317B65IR,TYRIUN5
Q4GT3TN,PF066W68EV,NEJOE9K
A333ENO,ZX379Y4EFS,571KNL9
PWYLUST,QN363KMOZL,WO6UNOE
STFSGZK,SC827Z8CCC,WCOJTKH
VGLUZU2,ZI907QVAXW,J0IFANM
A2MLLUK,MX173IQHAK,C9O5LIV
QZDLKKC,MW8402HQBF,NANU7KA
2DRM7RA,YB461PZSHO,NTTPGVE
UPNOGKC,RR7669RZHO,RN68KBE
TB77WFB,TF7133BDWI,CM91R8D
42KK5ZM,SO715NUEBE,2TZIYHS
NQ7SVYU,AE370XJTO6,6NFFOMF
WLLDTE0,YE8162IPNQ,TKTM50Y
3N4MOOG,VW9997G749,RVD3YIX
WJRCK01,PU903Z0IKE,FBI5B5G
9DPMC4A,XX934358Z1,44RJJ2B
D3KHRLI,KI037SUK4W,DM9OYCM
OT1YG46,AY956QCMIP,QMUGEWG
X3QR966,EK529QLPZ5,RJQHJT4
TU2DBGD,HZ97225IIJ,QHCXNKV
05F08SV,NM1680AACN,WK5BUAR
VQA11SA,SD292L8LS3,J6F8YIR
KQWOKA6,IO653QF8SB,QIPE84I
A1WRCUM,QV284F8GIC,HZ5NE8A
9Y9MDJE,OC585W9D84,DGWMXJ9
ZMG8YGY,LL091ATGMR,F930OAW
PFKWZ2V,UR747UXNUW,XY1WQ6N
AK2HFP6,EI3293D0FU,2T2SQ7A
3DU0CCQ,VQ561U75SV,819SRC1
CWMEHHR,TF297QMMMQ,MHU5RYB
ZL9E7NJ,TH529NC6LZ,BUQ5A9A
RGW74QS,TE151W98P3,7TY7U5A
VSC0NSG,KZ290PQILX,147EFSQ
9K0NGOV,YT562ONJJU,DS7KVSN
OJMME67,OC581U5LLW,CDKFOM5
SVK0P90,UD35166Y5H,UD4XYY4
8H89BFU,EZ701Z5IE4,RXYJT63
9VPMQT8,XS587R8I53,DLZ1AA4
AWT9382,WT6055IQYF,HC5QSB1
KOPRBKQ,NP409G7T15,OGD0WH6
233UKMR,ZA711UPXQB,HBAL1KF
U4JHZ6O,EQ141CID4D,0QTJY8X
7NZ7G72,DO240TGBO5,0JJHOQ7
NV8C8I1,PB0421WBIP,32E0KHW
XLQ9CBH,RE410HA06V,SA2HQYO
9WKI0YR,TW391QL8EW,0EL15PB
7XKPT0Q,WH2305KAI0,74IL1HQ
MYNGP44,QK16402Z38,W8GNNV1
58DKU8X,FX536A83P7,H0A1PTH
CZJ4XZ4,KU936DJAU1,V75N129
NVVWIUF,YT94584WKQ,OEAKN59
JACIKFP,IB285R9215,ELNTHE2
5N7IVF9,VW1614J2FC,B85BZNL
0D8DXNZ,LP763E05SL,CH4C93X
AXDZ7BM,TQ54337K6U,RK9BCNS
B2DL31V,XA229T67OW,AR6XS1Z
3V36P89,GZ537GBWGF,L0LKTZJ
RZPHTP7,TW7081YXFC,PRWI0MZ
QIK28WM,RT1878LUCT,I4YNLL6
FNUHRVH,XY147VW105,KPB6R8B
TOAVVNY,HF058V4OHJ,CLCFGKP
I6ITS8G,FF786NFBKQ,YK7TBPH
QH2IJAF,LV045GJH8R,CFLT5TY
SRFG9D6,SI402Z20YP,L29QOFJ
FNNJNJ0,CN936IN00V,N9DXMNR
40OPF3D,CV023K1H0C,NE6G9T0
3YU8IWM,QK087ASHZR,D8EWSZA
AOJ0RDG,HV510WY4FL,UEB3SSD
18EDAJL,PV279IIHEN,Q0CEDY6
16BFA3R,ZI902K0R6A,Z7GWQW1
9CV9EK0,XQ499IH2LJ,Y1CLWE0
T22RXUH,VO808TKLJN,Z55PJUQ
1Z1M9NK,JS447S4240,SRGJE56
LWGNS5S,KT5649IX0K,GFPCHJF
0BOHNAR,HW8669ZL26,7HB4RBQ
T6NDHFV,OF8838RXU6,6DG2V6H
K7FHPZR,HB61332REX,L8GDH98
WTKQUVE,ET741BRX0E,XIDRCX9
4TNOZA0,AQ3654OA5T,G2QR6CC
ASDPGQH,PX7605QFQO,ZRI0EC1
ATRH18O,WV659L4OI2,BO2JRD0
8IBUM4V,WC0434KYW0,QM7V152
1ZKQJAY,OY783V5VB2,KM8HE1Q
3PUVCDA,GY17140GPM,ZCJ8UNI
L98P75C,NO337M6DEL,1MWVVP6
69GMZPH,PC136RG01I,8E4MPSP
TQOWRSR,LN62733J9V,ZE4DBMU
CF6M8F0,NY68897M4S,W3TJETR
CNO2V6N,OW0918ZKFP,FWN8ME5
7EUMK4V,BW916GA7P8,OJYVM7T
VI601GJ,DG117M7VGH,V6R4MUO
UKGO1ZT,XA4282IZJI,PBOFRZN
T4TTRS9,GM300MOOBK,A4OFLJK
AGCJY1E,TU742ZI5X9,4AXFS53
PCBABEE,QM499YIS2Z,2ENW7I8
21LL2V6,HH003HH20Q,6EFYO8X
X5RZWQZ,AY716PAQUF,9UA4EPL
KY4GIB9,HI3761FZQK,TUZR8CF
HNWXEX3,MS833OCH3X,XWWDBFY
G5SMSQW,JW707OFWLP,G1W0U02
98D3DFC,DQ958PRZ6A,XRE8ABF
EY1EI88,JM823IX0MZ,GIUTHTF
XO6QOS2,TD103R0KAU,96XTRXB
5AMIZ86,SW8825VFOO,F4RMS52
XTP9P5C,DY819J4N02,8HQEG5V
D1J3JZH,GQ026Q0UJU,BM862FK
UKRXP99,XO226L7SPT,PIP9QBB
NTPE8VM,ZR2952M3EF,IPOUI8O
61Y1BQD,MU91389WAA,U8CXZLG
Q70ERMC,JC602Y6DNV,P37D8O9
TOU5510,PI973JI7N2,S9NK169
OLAMSW6,TY961I7KT0,TA8M2PQ
OO79H1V,ZR753IZGAQ,SEFGSAX
T0ZTFCT,GT996UH6O3,DHJ5C4C
L1F92VS,HX211RTZ1N,38CAAE6
MPK8J3J,LP825S8YPF,KCZJNVY
ZYUQ13B,QF725RP85F,W68CMC6
9MD2FHN,AJ872NTCY9,GENDW7D
R6ZUKZU,RT503J7TTC,X4YS2XG
RR5TSJB,YO113PZZXJ,Y63ILXL
EFUUDIL,SV498JNP9L,NH9RFLC
A9J6P9V,NE275JOINQ,WCCTPTL
S2O2NBJ,JB326U2NS5,27W7WDI
I1VDLBP,PC749PGY7S,L1S9WSK
W8OLI8N,BC766JEI7N,TTKQW9S
PV6ZZBG,ID789KWZ0Y,IO8M2OS
L8UEJLT,HW991WJL7F,691MWQY
SY50QRG,DN461YHLB3,DBNLDVJ
D6EF5R2,WD84045RY5,7AUJLOE
80WVN2H,YV401RBLIV,LNUAWS0
2R5CEQ1,CM8676IOLV,K0VKVCM
I6HASCE,QB1164GSNA,EE5HWOD
CG4PWCR,HC267PP39I,XK6B3PG
F5EC6S9,CQ728WN8IA,WEPPU3L
S5PYFHU,OZ317B65IR,9FKZK2E
FC486ZT,PF066W68EV,OCBNBJ1
P9B9V12,ZX379Y4EFS,SL57SVO
PUC5CD4,QN363KMOZL,PL5Q0YW
NOTQET1,SC827Z8CCC,0VQWLN9
6R9WGUM,ZI907QVAXW,U307NGZ
LAJ58SI,MX173IQHAK,ETNWNW7
V7Q13C5,MW8402HQBF,95NSGU9
2RJVOZM,YB461PZSHO,GJGBCEC
UT4YHY5,RR7669RZHO,NR48XYR
9SAJLEY,TF7133BDWI,Z1VNMTK
NVA5EB1,SO715NUEBE,BPVEU55
XEQOG42,AE370XJTO6,F6P94DX
GYVQV1M,YE8162IPNQ,XCMPUYS
16FD9H2,VW9997G749,492RFDB
VYE5OFB,PU903Z0IKE,3ASGN0H
9FA6N3X,XX934358Z1,H3DQ7T9
2VTE45M,KI037SUK4W,0ZES9BJ
9JHY25Q,AY956QCMIP,90FZ0JR
67XIA2X,EK529QLPZ5,BLQ8V8O
T9FQNYE,HZ97225IIJ,XFXYYR6
ZPSQ3T1,NM1680AACN,SKNG9QP
9CJ2O4U,SD292L8LS3,VB5VQBZ
AKSOFLS,IO653QF8SB,6IR7GGV
OS6REGC,QV284F8GIC,32MOUU1
2PRGDZC,OC585W9D84,YWCM6I3
7H4UX0F,LL091ATGMR,CRUDX5H
LQ9FU5D,UR747UXNUW,JBPCGNN
D9TZZS7,EI3293D0FU,RL5YF70
CKF5V92,VQ561U75SV,9G9XC7V
YAP84E9,TF297QMMMQ,288N9DX
PKUNH6O,TH529NC6LZ,2W180FC
D1NB7IQ,TE151W98P3,0UVP949
BFKZNQE,KZ290PQILX,24XDHTQ
QNSV072,YT562ONJJU,QHB4903
G1N31TF,OC581U5LLW,BADL7RB
X44E1SS,UD35166Y5H,BA7RGVF
4FMT1MG,EZ701Z5IE4,S2JLMLP
SXI7GIH,XS587R8I53,FGDGJX4
UUO28Q2,WT6055IQYF,ER0X2PI
ZNPBMYT,NP409G7T15,5BDYALM
1RVV0JG,ZA711UPXQB,6SDAKHU
J1FFH8E,EQ141CID4D,G246H6E
PIUZ671,DO240TGBO5,2X99KDN
5OXX9EF,PB0421WBIP,W1SFQVD
650FOV3,RE410HA06V,33DR4PI
U1G12XK,TW391QL8EW,T9BMRZS
7NZWL8Z,WH2305KAI0,YTCHS7G
DTBGDCP,QK16402Z38,SZU9U5C
MH9IQVW,FX536A83P7,CAZSOY4
706LOH2,KU936DJAU1,GOHB8NG
TAW39WP,YT94584WKQ,V6OA30N
584O6PU,IB285R9215,48ND9VR
VIO4D1K,VW1614J2FC,DRL1BU4
B590MHU,LP763E05SL,SYV7HVG
9QNC9XH,TQ54337K6U,ULZ7RGE
CDW215F,XA229T67OW,UHAVZ08
PQYFCCX,GZ537GBWGF,DJWN8YU
ZF6DB9D,TW7081YXFC,NDAWHZR
HP5GAFL,RT1878LUCT,SODYLI9
31JJY10,XY147VW105,T7ZMEM7
KUVNKQY,HF058V4OHJ,HSRP2ZE
KE3EOEN,FF786NFBKQ,TRQENEF
P6UL25I,LV045GJH8R,8OQDEUG
ZEJ1BLM,SI402Z20YP,HQLMQTR
QI7ASQJ,CN936IN00V,4FRE6ZB
IYPBGKJ,CV023K1H0C,CG5RG04
RBVUSAY,QK087ASHZR,T2PXLLE
EOJMANM,HV510WY4FL,PGRN66Z
QTXT0EQ,PV279IIHEN,YEQ7BP9
TI0YG0S,ZI902K0R6A,7MWQKQL
ZNSC7CP,XQ499IH2LJ,D15ANEO
686CI6M,VO808TKLJN,EOODVKO
0MIDDS8,JS447S4240,D8DLDXR
9ST80IY,KT5649IX0K,HLGTMOF
IXE7OQS,HW8669ZL26,GYHGIYE
63ZQXBU,OF8838RXU6,ELVJQ9P
C6KZDTB,HB61332REX,TS957J0
LTKXU9M,ET741BRX0E,JIUWQMR
UUZRA9N,AQ3654OA5T,SOOSTY3
VDX0SY6,PX7605QFQO,Z8ABS9C
BK87UQF,WV659L4OI2,E6X10SH
PTQW50W,WC0434KYW0,DXYACM4
J7KFFAN,OY783V5VB2,4UQ52GO
OL6LQ28,GY17140GPM,P6UT0D1
5EF7T4E,NO337M6DEL,HH18XM2
L1J6OQH,PC136RG01I,IOTTTJ5
NIXATV8,LN62733J9V,ZIVFG3K
GISTO66,NY68897M4S,RXF86XP
7G3X5B7,OW0918ZKFP,G9EDV6K
R4P85VL,BW916GA7P8,S9HVGXP
CYTG0B3,DG117M7VGH,8639YC3
2BAFKZ7,XA4282IZJI,3CDP7UT
1ZI8GXF,GM300MOOBK,06OUFGB
O1FTM22,TU742ZI5X9,BHRICY1
9ZQGO1Q,QM499YIS2Z,LJCF433
NPSFG3U,HH003HH20Q,VGG1NMK
EV4UYNY,AY716PAQUF,5JWB2KW
W4HKMV1,HI3761FZQK,CUFTTU6
2JAL5QK,MS833OCH3X,4PWVA1H
OAF6X8A,JW707OFWLP,AMCQOXS
4YMXXSU,DQ958PRZ6A,GSLXCE1
Z44V2QW,JM823IX0MZ,HU7B1C1
33PP1D3,TD103R0KAU,XI1QTKE
K9039QY,SW8825VFOO,LX3NBM2
J5LLECQ,DY819J4N02,GJVHRRT
7EV3GJ4,GQ026Q0UJU,IQQPCY9
YN2LP8G,XO226L7SPT,M6FCY6S
YG8GZ4X,ZR2952M3EF,DT2538O
R721OY0,MU91389WAA,OAF643V
91SW0E1,JC602Y6DNV,82TUKEJ
U5DD9WQ,PI973JI7N2,MVZQGPX
QIZNGJS,TY961I7KT0,K4XGO8R
8KSZC3H,ZR753IZGAQ,G7L63RX
EQDF3MW,GT996UH6O3,DB0CM6Q
GXHEHCD,HX211RTZ1N,M45Q5UJ
XMDWIKH,LP825S8YPF,5Y6BEWO
S7RR3EX,QF725RP85F,0F1CRDC
J01ZVTR,AJ872NTCY9,0IB13PB
W1PNBDL,RT503J7TTC,Z1OXWZ0
KHAXZG3,YO113PZZXJ,N1W6GEY
RENE586,SV498JNP9L,FCVD5I7
YCB94KU,NE275JOINQ,PNNBP3L
I80RF6T,JB326U2NS5,DNPSSQW
WLI8EQ1,PC749PGY7S,0DCVJ10
840ITUS,BC766JEI7N,RQMXL01
2O6PXOR,ID789KWZ0Y,0IW857T
IMOKK21,HW991WJL7F,S8AGPHQ
5IOYPXB,DN461YHLB3,3SQ2S40
4EJVTIX,WD84045RY5,BCMJKQ0
V7MGIZE,YV401RBLIV,2603VQK
96LXURP,CM8676IOLV,ZEL4AIP
BZ7BV64,QB1164GSNA,V0SMC40
BFSFSXU,HC267PP39I,AG8M7IU
CH9PL9M,CQ728WN8IA,6R1Z6F1
8MX6ZGC,OZ317B65IR,M91XP35
59G8LO3,PF066W68EV,ZHNTSBX
MTAZN7V,ZX379Y4EFS,FUW6KGW
X367BX4,QN363KMOZL,VMQ666V
78YU7ON,SC827Z8CCC,TL2RK5C
L6PD8NP,ZI907QVAXW,I3U5NGM
K7WDEJG,MX173IQHAK,RW7B2I3
NZD0DE6,MW8402HQBF,4GHMEXU
OH545OD,YB461PZSHO,NYFGQMH
Q74EXEH,RR7669RZHO,VAIXAZF
S9R1PLE,TF7133BDWI,HPUU65R
UVA91J0,SO715NUEBE,LA81NE2
ARJ9BTW,AE370XJTO6,X7GSVVL
SD7P1M8,YE8162IPNQ,EJMGDD8
8SOZH2I,VW9997G749,XOU33J3
GOUUSBE,PU903Z0IKE,28OB3LE
Z9DE58X,XX934358Z1,JW3F2X8
BGW3VPB,KI037SUK4W,B7SQNED
ILA68CY,AY956QCMIP,90L5R7K
LDZG0RP,EK529QLPZ5,6ARGDTH
SY3GHGZ,HZ97225IIJ,LZSTS1I
R4XAQV3,NM1680AACN,CS7D0YX
D6R4VDS,SD292L8LS3,Z4EASQE
0SIPRLO,IO653QF8SB,I7RCY0X
35LY3B0,QV284F8GIC,YA7TLMX
QPCPYKL,OC585W9D84,GRYHG8Q
KK55NVQ,LL091ATGMR,GZSX1AO
4D55RE5,UR747UXNUW,WSN208U
3D0ZGAP,EI3293D0FU,OHGEDQS
J7DYQL0,VQ561U75SV,4BDOHUC
0F9BB41,TF297QMMMQ,3QWLTWZ
L8PVL8M,TH529NC6LZ,YN9FOC1
R4RWMR1,TE151W98P3,QR4WZD9
UGLIL78,KZ290PQILX,PI17JUW
1QIJP7A,YT562ONJJU,IT2LKVQ
WTK0Q58,OC581U5LLW,MQZZRR4
NHOGRNR,UD35166Y5H,B2HG8XM
R7P9DOQ,EZ701Z5IE4,U30PS5G
57AWNYN,XS587R8I53,IY9VR2E
Z2MGFQT,WT6055IQYF,1SR4KMA
H7O2NIU,NP409G7T15,19ZTYTT
HY6SY2I,ZA711UPXQB,QB7PUEY
17M6M4W,EQ141CID4D,ROSEGG8
ULJQY9R,DO240TGBO5,S8OWSOE
8CRLWO3,PB0421WBIP,JRVSO8R
KB8XT2N,RE410HA06V,GN0CZE8
RUSGL8V,TW391QL8EW,TRH2F9U
UFP6AGO,WH2305KAI0,QAVIAEZ
VNABJC0,QK16402Z38,ZZ9L1PI
4ROE0MY,FX536A83P7,DMTX6BZ
XTRQIKT,KU936DJAU1,2EGYICG
IFUCNWN,YT94584WKQ,FHD38QR
J1OKT8P,IB285R9215,RQ3SSD8
00Q8DQF,VW1614J2FC,EZWIPGS
2JGRNZU,LP763E05SL,SI17ALA
8D51RID,TQ54337K6U,H9ZP82E
TYRIUN5,XA229T67OW,83HR5QU
NEJOE9K,GZ537GBWGF,HAP9NK6
571KNL9,TW7081YXFC,FT79ZVS
WO6UNOE,RT1878LUCT,36K7PGA
WCOJTKH,XY147VW105,JKEVRB3
J0IFANM,HF058V4OHJ,LUBXI4Y
C9O5LIV,FF786NFBKQ,NWC8JTO
NANU7KA,LV045GJH8R,SOVSMI1
NTTPGVE,SI402Z20YP,61TYF6J
RN68KBE,CN936IN00V,QB8YOWJ
CM91R8D,CV023K1H0C,4UDHEE0
2TZIYHS,QK087ASHZR,NEER1C3
6NFFOMF,HV510WY4FL,M98VB8S
TKTM50Y,PV279IIHEN,4KLL5HA
RVD3YIX,ZI902K0R6A,0GV1L88
FBI5B5G,XQ499IH2LJ,5CAHO8H
44RJJ2B,VO808TKLJN,GGZSYNN
DM9OYCM,JS447S4240,YIGBHTZ
QMUGEWG,KT5649IX0K,5K5DFOO
RJQHJT4,HW8669ZL26,086AQOV
QHCXNKV,OF8838RXU6,23OJAUW
WK5BUAR,HB61332REX,CB15FKY
J6F8YIR,ET741BRX0E,JQUANB7
QIPE84I,AQ3654OA5T,E6OF1V7
HZ5NE8A,PX7605QFQO,DE5ZBX7
DGWMXJ9,WV659L4OI2,HF4LRZM
F930OAW,WC0434KYW0,ZJVCQV4
XY1WQ6N,OY783V5VB2,LAC0T26
2T2SQ7A,GY17140GPM,TXS2Z9F
819SRC1,NO337M6DEL,PMPY1RU
MHU5RYB,PC136RG01I,2GADGDV
BUQ5A9A,LN62733J9V,44MWZIU
7TY7U5A,NY68897M4S,4M9VWYV
147EFSQ,OW0918ZKFP,ZJT6POP
DS7KVSN,BW916GA7P8,7WZBJJN
CDKFOM5,DG117M7VGH,N64I7CY
UD4XYY4,XA4282IZJI,6RQ3W8B
RXYJT63,GM300MOOBK,9SA5GRO
DLZ1AA4,TU742ZI5X9,CQSLZJN
HC5QSB1,QM499YIS2Z,ZKNHYUQ
OGD0WH6,HH003HH20Q,5RCFEAN
HBAL1KF,AY716PAQUF,J5H2S0H
0QTJY8X,HI3761FZQK,OQ2O30Q
0JJHOQ7,MS833OCH3X,RJI61OR
32E0KHW,JW707OFWLP,EMP4W84
SA2HQYO,DQ958PRZ6A,9C6EBD0
0EL15PB,JM823IX0MZ,D7F0RJR
74IL1HQ,TD103R0KAU,JMUYFQJ
W8GNNV1,SW8825VFOO,TL5A7W8
H0A1PTH,DY819J4N02,6J7YG55
V75N129,GQ026Q0UJU,QYQOGYF
OEAKN59,XO226L7SPT,SVJDMK7
ELNTHE2,ZR2952M3EF,N4QSH2R
B85BZNL,MU91389WAA,Q9Y0AYF
CH4C93X,JC602Y6DNV,QKOPEWQ
RK9BCNS,PI973JI7N2,VLVH9OT
AR6XS1Z,TY961I7KT0,1LQVGW4
L0LKTZJ,ZR753IZGAQ,P7OOHL3
PRWI0MZ,GT996UH6O3,9AY3FNP
I4YNLL6,HX211RTZ1N,HU378CS
KPB6R8B,LP825S8YPF,6GUU85R
CLCFGKP,QF725RP85F,YUDE4HT
YK7TBPH,AJ872NTCY9,UCRFJJT
CFLT5TY,RT503J7TTC,AV4EIHF
L29QOFJ,YO113PZZXJ,CRBVZRK
N9DXMNR,SV498JNP9L,6T44EYH
NE6G9T0,NE275JOINQ,N63QKZ7
D8EWSZA,JB326U2NS5,E4ULMGH
UEB3SSD,PC749PGY7S,WBRM2GL
Q0CEDY6,BC766JEI7N,KUYT1TA
Z7GWQW1,ID789KWZ0Y,SYCFNT1
Y1CLWE0,HW991WJL7F,649I366
Z55PJUQ,DN461YHLB3,8WNCHXV
SRGJE56,WD84045RY5,HT14D2Z
GFPCHJF,YV401RBLIV,UOUB8R9
7HB4RBQ,CM8676IOLV,6FAJYZH
6DG2V6H,QB1164GSNA,43RIHLN
L8GDH98,HC267PP39I,UPBD72J
XIDRCX9,CQ728WN8IA,13OSX2S
G2QR6CC,OZ317B65IR,UUFI363
ZRI0EC1,PF066W68EV,0RCV4CG
BO2JRD0,ZX379Y4EFS,IPN8VB3
QM7V152,QN363KMOZL,IYD5EFN
KM8HE1Q,SC827Z8CCC,Z13AEK2
ZCJ8UNI,ZI907QVAXW,1GWJB0J
1MWVVP6,MX173IQHAK,XDJELYF
8E4MPSP,MW8402HQBF,M3P97IB
ZE4DBMU,YB461PZSHO,DT6MQKP
W3TJETR,RR7669RZHO,826HKE8
FWN8ME5,TF7133BDWI,QVXSYTY
OJYVM7T,SO715NUEBE,64IZ3PZ
V6R4MUO,AE370XJTO6,BQT5FM6
PBOFRZN,YE8162IPNQ,AFDP2U8
A4OFLJK,VW9997G749,R9UC5OB
4AXFS53,PU903Z0IKE,TZMCA6F
2ENW7I8,XX934358Z1,X8YD45S
6EFYO8X,KI037SUK4W,GIIGLL4
9UA4EPL,AY956QCMIP,CAHNDFI
TUZR8CF,EK529QLPZ5,IU5EPFN
XWWDBFY,HZ97225IIJ,LRYYB6S
G1W0U02,NM1680AACN,MGHXZDL
XRE8ABF,SD292L8LS3,RRANUPH
GIUTHTF,IO653QF8SB,Z6ZUOH8
96XTRXB,QV284F8GIC,8IYN8H6
F4RMS52,OC585W9D84,4X7DMIK
8HQEG5V,LL091ATGMR,OP0LPGE
BM862FK,UR747UXNUW,DJ4NIQ4
PIP9QBB,EI3293D0FU,83WM68X
IPOUI8O,VQ561U75SV,3OK7UP0
U8CXZLG,TF297QMMMQ,SVPCUNO
P37D8O9,TH529NC6LZ,BF8K8VD
S9NK169,TE151W98P3,TKFGIHP
TA8M2PQ,KZ290PQILX,ZPY1W0I
SEFGSAX,YT562ONJJU,L0PSSG0
DHJ5C4C,OC581U5LLW,B8UK6WY
38CAAE6,UD35166Y5H,M1YSXZR
KCZJNVY,EZ701Z5IE4,B7XTPAW
W68CMC6,XS587R8I53,W8EE68A
GENDW7D,WT6055IQYF,7LJX567
X4YS2XG,NP409G7T15,SXIARWX
Y63ILXL,ZA711UPXQB,I8J1CUS
NH9RFLC,EQ141CID4D,E15XCAJ
WCCTPTL,DO240TGBO5,EELBEJY
27W7WDI,PB0421WBIP,39MB50Z
L1S9WSK,RE410HA06V,CP8C831
TTKQW9S,TW391QL8EW,HNFURBO
IO8M2OS,WH2305KAI0,CL68H6V
691MWQY,QK16402Z38,CLRSBNI
DBNLDVJ,FX536A83P7,BOA8A09
7AUJLOE,KU936DJAU1,SQW4DRM
LNUAWS0,YT94584WKQ,XRM5BAW
K0VKVCM,IB285R9215,50O7AT8
EE5HWOD,VW1614J2FC,YHI5SWJ
XK6B3PG,LP763E05SL,RCU1UXV
WEPPU3L,TQ54337K6U,O70O817
9FKZK2E,XA229T67OW,MPSEAME
OCBNBJ1,GZ537GBWGF,RK4S6HU
SL57SVO,TW7081YXFC,AIFFABF
PL5Q0YW,RT1878LUCT,LPQ82HX
0VQWLN9,XY147VW105,U7BI5I1
U307NGZ,HF058V4OHJ,SYALPFN
ETNWNW7,FF786NFBKQ,6FTQIEQ
95NSGU9,LV045GJH8R,TWM02HX
GJGBCEC,SI402Z20YP,XJ0L3YG
NR48XYR,CN936IN00V,BQURN0L
Z1VNMTK,CV023K1H0C,BQ3BH5J
BPVEU55,QK087ASHZR,V629OK6
F6P94DX,HV510WY4FL,PBH6R46
XCMPUYS,PV279IIHEN,7AU6RXJ
492RFDB,ZI902K0R6A,9JLHNGU
3ASGN0H,XQ499IH2LJ,BPG8ZPK
H3DQ7T9,VO808TKLJN,EFRZXAC
0ZES9BJ,JS447S4240,NS3CVEM
90FZ0JR,KT5649IX0K,PS2QDXJ
BLQ8V8O,HW8669ZL26,CTL4ESP
XFXYYR6,OF8838RXU6,EY4NWGL
SKNG9QP,HB61332REX,676FRX3
VB5VQBZ,ET741BRX0E,B7L4CBQ
6IR7GGV,AQ3654OA5T,DGTL75S
32MOUU1,PX7605QFQO,HASGL0P
YWCM6I3,WV659L4OI2,HBGHRXH
CRUDX5H,WC0434KYW0,DNXQEEX
JBPCGNN,OY783V5VB2,L3VSWT2
RL5YF70,GY17140GPM,T1X1AYY
9G9XC7V,NO337M6DEL,77Y3QO6
288N9DX,PC136RG01I,EE2V1BA
2W180FC,LN62733J9V,23OQ3XR
0UVP949,NY68897M4S,XKTG49U
24XDHTQ,OW0918ZKFP,Z3QDDGC
QHB4903,BW916GA7P8,Z5NJH3Z
BADL7RB,DG117M7VGH,995RRCD
BA7RGVF,XA4282IZJI,VWP3WHC
S2JLMLP,GM300MOOBK,1RRUXNO
FGDGJX4,TU742ZI5X9,I70ZX94
ER0X2PI,QM499YIS2Z,RIH777F
5BDYALM,HH003HH20Q,50PF94Z
6SDAKHU,AY716PAQUF,J7OMT5K
G246H6E,HI3761FZQK,3PI6D8D
2X99KDN,MS833OCH3X,0VSFWS7
W1SFQVD,JW707OFWLP,1JUDV7W
33DR4PI,DQ958PRZ6A,0WJHQV9
T9BMRZS,JM823IX0MZ,309CNLC
YTCHS7G,TD103R0KAU,GZW69L2
SZU9U5C,SW8825VFOO,FNPW2PV
CAZSOY4,DY819J4N02,E21NIMP
GOHB8NG,GQ026Q0UJU,CDK7QMS
V6OA30N,XO226L7SPT,4X8CAL9
48ND9VR,ZR2952M3EF,NTP1JDA
DRL1BU4,MU91389WAA,Y7OXHZ4
SYV7HVG,JC602Y6DNV,D9LEDU0
ULZ7RGE,PI973JI7N2,L8ONK6W
UHAVZ08,TY961I7KT0,OHA9444
DJWN8YU,ZR753IZGAQ,3FDYVZA
NDAWHZR,GT996UH6O3,4CQ4BGD
SODYLI9,HX211RTZ1N,DVPIBKI
T7ZMEM7,LP825S8YPF,30RFZV3
HSRP2ZE,QF725RP85F,6QHDB8M
TRQENEF,AJ872NTCY9,JR6RZDR
8OQDEUG,RT503J7TTC,I2HS7TD
HQLMQTR,YO113PZZXJ,W2WUWWJ
4FRE6ZB,SV498JNP9L,8RHW4H8
CG5RG04,NE275JOINQ,K40XEE8
T2PXLLE,JB326U2NS5,NTT6QYC
PGRN66Z,PC749PGY7S,HEPHBLM
YEQ7BP9,BC766JEI7N,5RYHN69
7MWQKQL,ID789KWZ0Y,15NFY2J
D15ANEO,HW991WJL7F,H9IU22E
EOODVKO,DN461YHLB3,G24S10F
D8DLDXR,WD84045RY5,7QSIPEH
HLGTMOF,YV401RBLIV,3PXAN1Z
GYHGIYE,CM8676IOLV,YUW6G0P
ELVJQ9P,QB1164GSNA,7TVVZ9M
TS957J0,HC267PP39I,2X1LN60
JIUWQMR,CQ728WN8IA,TNPVYLW
SOOSTY3,OZ317B65IR,ULZK6I7
Z8ABS9C,PF066W68EV,QOQ5H66
E6X10SH,ZX379Y4EFS,VRMHXNU
DXYACM4,QN363KMOZL,YJHA5M4
4UQ52GO,SC827Z8CCC,F65QH0E
P6UT0D1,ZI907QVAXW,YWMQMRN
HH18XM2,MX173IQHAK,4N72GE1
IOTTTJ5,MW8402HQBF,ZTP3KFY
ZIVFG3K,YB461PZSHO,5ZY6396
RXF86XP,RR7669RZHO,4PUNUHU
G9EDV6K,TF7133BDWI,U3VR6LE
S9HVGXP,SO715NUEBE,U4GTUEA
8639YC3,AE370XJTO6,M4AM97L
3CDP7UT,YE8162IPNQ,6J27TSN
06OUFGB,VW9997G749,39GY6HE
BHRICY1,PU903Z0IKE,29NFIRL
LJCF433,XX934358Z1,JZW5L5M
VGG1NMK,KI037SUK4W,1HPG7CF
5JWB2KW,AY956QCMIP,26CS7YB
CUFTTU6,EK529QLPZ5,AMG6DYZ
4PWVA1H,HZ97225IIJ,66QAF3F
AMCQOXS,NM1680AACN,NF1TBO4
GSLXCE1,SD292L8LS3,BALUPNH
HU7B1C1,IO653QF8SB,D1YDTHA
XI1QTKE,QV284F8GIC,NUSC90O
LX3NBM2,OC585W9D84,XMQ3NYH
GJVHRRT,LL091ATGMR,KXSZGOU
IQQPCY9,UR747UXNUW,L59B6V9
M6FCY6S,EI3293D0FU,V4F4CG2
DT2538O,VQ561U75SV,D9W85YN
OAF643V,TF297QMMMQ,4E0JBBG
82TUKEJ,TH529NC6LZ,8HO9Y84
MVZQGPX,TE151W98P3,3DN8NWR
K4XGO8R,KZ290PQILX,3EGAC49
G7L63RX,YT562ONJJU,XTEDSDK
DB0CM6Q,OC581U5LLW,4N1U4T7
M45Q5UJ,UD35166Y5H,109FY7X
5Y6BEWO,EZ701Z5IE4,LTAJ1HB
0F1CRDC,XS587R8I53,UT7YEMZ
0IB13PB,WT6055IQYF,DE20OX0
Z1OXWZ0,NP409G7T15,22D7HTO
N1W6GEY,ZA711UPXQB,23VESH0
FCVD5I7,EQ141CID4D,DBHQS5L
PNNBP3L,DO240TGBO5,AD8DAN7
DNPSSQW,PB0421WBIP,8IV8ZQC
0DCVJ10,RE410HA06V,CFBRCA7
RQMXL01,TW391QL8EW,GKDZNVV
0IW857T,WH2305KAI0,DJ7RAX9
S8AGPHQ,QK16402Z38,NQAD66H
3SQ2S40,FX536A83P7,DGB2TY4
BCMJKQ0,KU936DJAU1,DXESA6D
2603VQK,YT94584WKQ,64IH2G1
ZEL4AIP,IB285R9215,MX8UQHW
V0SMC40,VW1614J2FC,FKTRM45
AG8M7IU,LP763E05SL,Q8TQ2ON
6R1Z6F1,TQ54337K6U,T4DDPN2
M91XP35,XA229T67OW,BDB5X56
ZHNTSBX,GZ537GBWGF,Q2HVLN6
FUW6KGW,TW7081YXFC,YRAYYIF
VMQ666V,RT1878LUCT,S5OT9E0
TL2RK5C,XY147VW105,MX27I4T
I3U5NGM,HF058V4OHJ,OPRFV32
RW7B2I3,FF786NFBKQ,7KZR222
4GHMEXU,LV045GJH8R,3N3RX4D
NYFGQMH,SI402Z20YP,D59SW5A
VAIXAZF,CN936IN00V,A7X5XCQ
HPUU65R,CV023K1H0C,7JNTS7L
LA81NE2,QK087ASHZR,VJPEYM1
X7GSVVL,HV510WY4FL,VBRQXWB
EJMGDD8,PV279IIHEN,2NZ0C1F
XOU33J3,ZI902K0R6A,6CBDB8B
28OB3LE,XQ499IH2LJ,WGLBFKF
JW3F2X8,VO808TKLJN,LKU3LSG
B7SQNED,JS447S4240,ZKHJNT4
90L5R7K,KT5649IX0K,R50Q2AZ
6ARGDTH,HW8669ZL26,LYXKNV0
LZSTS1I,OF8838RXU6,18H512X
CS7D0YX,HB61332REX,JR3O2MU
Z4EASQE,ET741BRX0E,3MLVFB1
I7RCY0X,AQ3654OA5T,53WAMPV
YA7TLMX,PX7605QFQO,HN6YM08
GRYHG8Q,WV659L4OI2,WEWF1JE
GZSX1AO,WC0434KYW0,04PLSH3
WSN208U,OY783V5VB2,RQ8AATA
OHGEDQS,GY17140GPM,VXNR9GJ
4BDOHUC,NO337M6DEL,SKCF7G6
3QWLTWZ,PC136RG01I,N4Z6K00
YN9FOC1,LN62733J9V,X3JSB0A
QR4WZD9,NY68897M4S,RCKLD6P
PI17JUW,OW0918ZKFP,1MGJ0QO
IT2LKVQ,BW916GA7P8,KR6RE2R
MQZZRR4,DG117M7VGH,A7NIAOU
B2HG8XM,XA4282IZJI,0W2GTLE
U30PS5G,GM300MOOBK,EV42YPB
IY9VR2E,TU742ZI5X9,HJPSUX8
1SR4KMA,QM499YIS2Z,YL3NGFP
19ZTYTT,HH003HH20Q,AXCZ7DO
QB7PUEY,AY716PAQUF,WK6BIEB
ROSEGG8,HI3761FZQK,PIH9VWP
S8OWSOE,MS833OCH3X,0ZTQT3C
JRVSO8R,JW707OFWLP,KL03FS5
GN0CZE8,DQ958PRZ6A,U3R717R
TRH2F9U,JM823IX0MZ,UTLWVL5
QAVIAEZ,TD103R0KAU,4Z6E21F
ZZ9L1PI,SW8825VFOO,4EZH6A2
DMTX6BZ,DY819J4N02,BY62OLI
2EGYICG,GQ026Q0UJU,8US6LD7
FHD38QR,XO226L7SPT,V4C8VYE
RQ3SSD8,ZR2952M3EF,HNGVYWY
EZWIPGS,MU91389WAA,N6HEVC1
SI17ALA,JC602Y6DNV,TLDN0UJ
H9ZP82E,PI973JI7N2,1Y27W4M
83HR5QU,TY961I7KT0,B56S0J9
HAP9NK6,ZR753IZGAQ,VHJ5CYF
FT79ZVS,GT996UH6O3,ZICK3FX
36K7PGA,HX211RTZ1N,ROOUFQ2
JKEVRB3,LP825S8YPF,K0NH256
LUBXI4Y,QF725RP85F,24DPL6H
NWC8JTO,AJ872NTCY9,X8G46V9
SOVSMI1,RT503J7TTC,B5ND809
61TYF6J,YO113PZZXJ,B0193AB
QB8YOWJ,SV498JNP9L,2VRVDZN
4UDHEE0,NE275JOINQ,A6TREZD
NEER1C3,JB326U2NS5,MQG43JS
M98VB8S,PC749PGY7S,8IEMIJ2
